person_id,friend_id
161,740
255,375
81,222
435,979
550,966
401,614
327,399
712,964
271,733
629,966
656,840
413,853
485,958
286,748
781,956
101,702
235,931
54,627
274,630
236,338
348,579
688,913
361,518
589,907
148,410
239,528
128,926
398,521
269,636
716,867
158,576
667,682
479,631
603,926
102,415
98,939
41,405
82,931
192,574
57,349
76,362
139,418
699,755
336,703
451,690
82,823
519,824
233,467
71,405
852,970
155,813
458,585
329,700
497,513
667,695
479,873
205,341
625,698
47,721
542,929
17,61
196,292
330,521
335,599
123,945
439,693
419,714
787,881
152,370
776,988
182,478
46,883
514,988
803,825
214,430
90,660
558,765
458,827
425,650
277,486
115,424
414,986
199,832
6,666
18,491
446,709
83,657
537,827
437,889
27,725
435,550
402,602
159,881
527,782
324,719
19,83
175,596
82,368
328,838
123,140
763,766
441,715
367,537
353,602
105,537
191,540
715,954
453,954
131,674
544,843
381,556
50,722
886,957
383,602
278,320
176,309
830,833
654,836
93,274
800,890
777,943
68,446
320,438
619,734
171,315
11,851
281,446
286,790
28,37
351,956
392,957
406,626
337,792
483,846
698,771
87,617
54,669
147,631
890,941
482,621
124,913
105,671
7,99
210,687
380,610
765,909
278,333
584,605
171,207
341,618
308,441
602,659
332,798
552,801
10,518
362,677
279,908
802,949
683,732
213,554
361,452
894,952
424,508
809,844
93,408
258,741
146,500
60,231
681,844
170,628
137,680
156,693
384,557
293,927
100,798
749,978
366,917
204,626
190,691
61,577
93,529
22,60
46,454
216,865
546,740
362,919
357,575
164,409
279,921
535,847
755,850
619,989
493,850
727,788
80,940
639,675
50,51
368,855
96,167
436,989
711,928
35,416
255,685
67,863
141,812
438,806
18,183
704,925
93,771
280,863
3,60
440,586
302,356
197,599
439,627
76,538
62,640
711,820
100,932
86,768
488,748
350,814
138,406
456,944
430,514
110,307
182,412
514,922
192,871
701,748
425,584
277,420
669,944
249,358
395,412
782,821
231,718
456,836
233,535
527,716
780,933
733,821
34,820
483,646
562,939
842,993
18,317
196,589
270,538
344,487
495,885
168,490
233,885
233,656
319,659
95,951
420,482
203,484
277,433
213,943
120,715
428,602
653,949
246,302
592,710
91,428
812,942
261,839
696,767
668,934
395,775
510,533
548,788
823,993
105,713
513,538
471,541
75,541
751,824
61,377
622,710
379,952
453,901
162,200
296,954
478,665
276,716
703,783
417,426
188,603
133,667
18,680
229,900
380,544
504,839
946,955
402,562
536,791
93,450
258,783
282,911
211,213
381,853
922,948
3,678
292,552
490,796
111,211
9,200
556,598
286,737
520,675
506,740
874,907
511,855
206,219
194,919
323,804
338,375
307,796
288,554
95,388
193,923
296,378
64,809
298,976
81,224
568,837
58,735
605,904
70,331
589,896
195,740
157,219
723,896
112,971
506,632
115,747
268,989
703,917
785,956
362,624
582,627
535,781
292,794
199,337
295,799
682,979
709,853
98,928
506,982
244,982
280,676
473,576
335,346
813,910
472,617
164,235
394,697
29,47
584,794
47,818
489,971
267,858
165,810
456,528
324,345
310,410
521,859
199,579
180,337
254,286
567,746
383,925
59,276
369,990
625,687
14,533
13,574
225,753
206,474
660,681
665,759
30,248
114,885
112,287
664,800
86,823
268,534
672,920
119,182
430,569
564,569
22,249
321,582
539,741
357,764
30,369
35,713
389,982
310,652
67,931
222,539
29,410
636,822
801,926
138,582
685,980
210,421
710,744
127,423
252,832
492,521
26,785
34,646
175,356
249,305
414,638
493,931
460,754
317,934
275,708
398,778
35,726
112,421
469,658
331,953
9,939
157,837
587,650
187,716
346,709
117,886
2,670
46,188
392,596
323,725
211,255
376,588
543,765
78,665
23,729
9,831
515,666
243,961
64,501
229,834
191,542
215,670
388,827
135,152
613,945
728,895
318,768
566,604
122,856
46,80
502,848
529,722
821,830
480,537
600,602
536,846
272,773
420,671
544,966
10,507
1,687
133,614
3,733
402,738
154,673
723,830
453,969
401,779
286,563
19,448
184,781
57,740
76,982
588,605
118,161
785,890
716,790
867,959
58,561
20,40
9,376
116,273
88,440
69,161
98,862
373,572
832,857
362,679
463,731
315,338
345,446
718,728
157,166
332,921
225,566
469,926
178,225
301,790
136,228
292,741
199,513
727,898
75,743
378,515
437,570
621,916
266,459
178,575
233,282
799,922
164,411
260,873
265,988
554,862
103,172
120,341
600,978
180,392
259,685
317,397
575,921
701,737
252,645
431,647
389,916
337,460
669,704
278,819
639,798
498,822
267,926
564,624
416,460
8,406
528,701
132,472
94,180
390,996
431,768
52,183
103,414
213,811
53,593
741,930
326,688
148,830
41,704
449,529
421,696
495,645
206,542
285,835
315,943
318,460
263,524
829,935
185,604
4,529
91,417
462,589
140,309
71,475
236,771
134,760
15,314
328,774
68,140
405,994
42,942
331,779
17,360
36,373
523,720
182,656
944,979
425,828
48,612
356,728
340,720
97,962
726,941
738,995
485,586
784,882
341,541
272,707
436,549
348,436
353,551
160,910
113,835
173,849
770,839
178,964
434,890
635,651
194,908
207,847
128,325
436,441
515,734
64,798
499,726
108,841
39,216
162,323
401,605
10,454
235,801
114,511
582,616
251,782
581,657
125,377
163,669
283,734
792,840
262,382
322,433
76,929
937,965
35,339
21,441
207,860
250,264
475,611
749,914
339,750
218,460
204,562
23,221
69,337
709,963
828,914
248,339
349,391
373,748
206,342
321,329
266,393
422,906
384,385
587,973
246,680
58,858
162,686
308,740
98,930
354,627
279,978
67,570
658,974
105,273
630,912
616,748
239,761
546,918
665,869
128,930
236,463
375,807
153,465
966,982
181,941
196,283
197,656
544,700
222,420
356,420
364,769
405,807
171,640
83,527
46,874
187,584
206,597
32,710
118,484
398,767
632,705
318,515
447,925
562,646
18,253
386,420
193,254
74,828
22,372
182,361
266,769
85,428
35,836
38,353
351,584
645,765
516,651
851,870
175,358
82,130
840,977
105,528
757,942
402,485
569,662
295,359
384,882
318,528
824,888
102,903
7,77
284,651
191,423
499,539
311,488
278,311
149,426
921,942
107,200
458,952
772,819
340,896
169,260
40,146
50,834
17,657
31,326
545,776
3,493
705,765
696,945
715,958
176,421
200,778
16,957
594,668
538,773
505,596
51,160
178,201
343,534
101,506
166,901
269,319
50,726
278,553
259,311
839,886
624,961
140,619
308,432
258,840
184,662
282,968
299,383
436,617
482,504
540,674
262,437
396,666
547,606
343,547
480,781
394,512
655,782
605,961
691,735
61,568
300,850
542,612
165,396
101,869
233,271
62,389
802,953
296,327
554,851
769,776
17,912
218,636
135,638
737,972
107,805
83,219
445,800
436,751
615,982
95,458
62,281
251,971
848,961
672,964
345,569
553,747
102,582
542,854
84,979
128,985
646,682
16,515
665,695
269,466
136,580
348,759
241,633
301,913
72,824
553,868
140,995
465,526
957,988
676,975
160,415
454,633
13,631
51,886
82,990
285,824
720,752
71,343
379,459
604,806
815,989
218,770
507,644
75,987
424,875
369,939
451,978
501,570
61,823
45,61
148,711
46,929
734,808
632,760
296,811
414,803
1,368
553,881
513,516
638,696
435,596
674,878
720,994
140,419
420,473
571,642
576,986
287,883
161,249
18,429
620,763
64,316
467,935
136,835
571,763
29,480
65,137
411,545
590,776
557,599
777,868
155,296
196,593
564,760
13,886
261,722
388,534
816,944
921,997
117,943
365,779
263,768
120,948
273,961
161,491
114,379
647,879
12,368
251,650
476,997
27,905
316,779
696,771
434,771
525,889
420,607
136,848
906,995
15,558
82,319
749,782
284,948
91,782
572,597
598,734
183,492
109,314
381,736
661,790
213,371
504,843
139,156
42,260
300,784
277,800
10,685
175,789
304,674
161,854
510,779
21,322
301,605
325,962
779,903
462,967
195,623
33,561
470,562
198,857
594,857
239,629
533,847
132,274
235,924
30,226
164,226
40,456
29,38
287,562
471,908
765,860
92,94
9,325
759,786
663,849
10,698
192,446
505,906
705,967
92,215
401,970
65,755
404,975
385,696
13,336
247,503
51,591
560,734
164,468
38,100
119,991
208,511
447,793
29,51
287,575
70,577
332,991
156,994
159,511
472,971
453,463
398,527
799,871
466,927
347,747
144,647
455,509
240,355
4,344
518,565
449,465
435,530
729,748
244,999
250,750
585,740
511,525
650,869
768,861
713,925
152,363
396,989
745,877
36,417
25,524
431,946
43,312
53,1000
461,825
464,571
736,764
1,315
474,764
4,586
100,294
242,643
89,135
429,469
218,959
597,992
490,600
32,954
30,844
833,939
370,949
136,782
313,415
189,608
293,436
592,998
275,833
27,960
66,659
30,965
47,151
24,662
566,716
19,89
10,498
87,718
328,844
386,785
587,775
435,906
765,781
94,613
448,845
830,947
28,259
668,885
47,272
327,555
184,772
681,824
211,380
469,675
331,970
260,272
369,673
66,901
80,570
129,203
681,945
211,272
133,847
224,965
196,903
614,662
397,893
452,563
264,512
181,743
520,963
286,796
170,850
60,224
235,979
188,904
491,676
288,613
513,960
769,886
378,735
419,507
586,684
66,914
152,163
415,802
229,383
103,981
187,386
113,208
646,671
596,850
147,758
482,748
48,227
306,751
185,461
732,859
364,463
143,464
101,992
82,750
500,509
832,982
164,294
494,694
48,348
177,987
199,517
283,925
4,278
410,700
327,702
280,627
151,705
440,579
692,800
637,864
650,803
655,918
6,472
97,590
262,923
96,402
239,939
275,633
280,748
533,928
632,641
15,413
340,469
185,595
861,878
31,128
256,475
225,933
333,466
140,300
453,760
164,657
733,814
120,587
562,932
139,600
254,587
340,590
125,702
507,767
639,923
147,195
9,756
699,937
583,991
462,701
525,757
131,372
497,695
230,351
326,813
842,878
666,881
13,767
94,426
789,988
195,249
319,544
453,773
126,378
626,701
208,713
884,996
488,996
254,829
276,588
240,894
78,603
334,529
231,845
399,658
110,555
657,953
125,126
71,829
322,411
225,478
254,950
101,442
596,650
307,547
675,714
193,674
482,548
94,668
476,770
9,72
28,85
599,840
907,956
98,558
282,904
189,676
472,476
763,948
108,953
311,558
144,381
130,483
264,446
85,969
176,599
135,332
52,792
83,142
506,733
533,607
299,440
478,671
323,797
703,789
381,738
329,548
790,906
279,727
301,486
77,741
182,794
223,795
258,789
160,217
32,446
15,802
250,376
12,733
485,953
581,661
180,317
195,854
74,564
580,961
257,685
95,623
35,343
274,625
339,754
309,323
56,631
97,403
551,610
470,685
107,633
253,916
36,164
74,456
910,957
373,752
32,459
519,806
739,846
343,846
362,859
577,747
147,934
155,795
84,97
61,867
212,282
262,628
690,809
132,518
478,926
679,916
266,518
131,293
337,398
292,921
774,924
116,924
6,298
97,416
792,978
31,62
19,762
36,406
35,706
549,927
364,881
23,588
298,527
69,704
382,935
578,581
896,927
178,647
236,588
664,806
232,883
419,938
331,825
699,992
349,879
393,693
357,999
79,237
291,416
731,917
518,809
432,769
50,475
523,887
223,366
32,835
173,545
159,647
338,878
238,940
164,954
184,411
337,653
411,602
562,1000
194,604
334,355
17,648
215,663
344,548
90,897
305,822
323,839
101,497
188,651
68,91
17,540
564,938
77,554
28,140
566,718
268,795
254,897
49,199
386,787
839,998
125,194
295,605
61,438
336,377
71,897
167,605
236,964
487,546
612,955
371,600
49,320
207,906
114,449
301,312
344,911
359,482
448,739
303,321
332,793
406,742
222,921
739,888
813,837
252,275
651,775
4,964
100,672
67,495
471,844
297,957
751,898
214,922
112,911
616,673
239,686
492,903
46,328
560,778
142,790
202,804
145,270
496,793
7,565
301,783
52,981
602,896
96,270
440,568
478,860
183,683
54,798
131,227
348,750
122,407
130,793
129,568
371,855
137,688
233,396
546,856
35,640
188,919
771,974
193,997
494,925
810,902
586,928
52,994
341,868
96,283
182,286
228,402
440,581
123,874
90,468
155,863
582,930
203,345
461,869
320,930
337,345
172,766
70,755
1,130
303,697
358,404
239,941
297,394
132,815
168,243
679,984
250,807
539,681
379,692
637,987
236,643
115,353
53,707
650,697
240,533
331,651
124,587
75,173
85,366
250,699
141,941
497,805
562,934
376,515
309,525
364,949
212,821
157,885
321,993
159,702
374,590
136,718
277,428
392,415
464,520
101,202
183,241
534,993
224,767
568,577
298,716
246,297
344,832
559,757
3,310
397,466
113,707
168,606
844,926
135,200
195,251
539,815
184,587
203,600
24,369
230,474
409,705
469,719
216,310
565,952
606,990
45,428
77,609
316,891
283,485
135,321
140,436
186,552
63,189
59,713
45,778
114,383
793,937
246,310
619,784
195,722
107,609
415,496
103,904
208,957
63,539
63,310
469,961
216,552
166,960
837,899
150,198
408,722
7,149
297,891
424,437
797,948
520,899
143,158
313,835
184,721
505,776
376,662
802,999
581,771
793,950
424,558
663,840
157,214
809,894
14,165
332,969
640,856
712,961
170,678
607,679
151,399
114,746
403,620
131,161
843,892
788,956
485,955
199,561
116,563
553,564
603,910
50,209
262,388
690,798
855,902
113,265
426,725
123,458
329,792
670,856
296,386
499,974
356,400
36,984
273,631
908,913
18,112
369,864
303,510
69,343
652,664
437,510
649,918
252,464
568,966
370,456
347,738
73,169
61,869
419,577
685,962
97,297
341,923
574,865
541,688
486,523
539,615
618,908
7,754
664,795
48,526
320,985
235,352
221,225
18,354
61,990
418,739
743,795
13,461
935,965
486,873
154,171
472,975
549,929
548,704
18,475
460,628
840,849
551,746
74,821
583,698
421,865
297,341
99,585
168,190
715,817
613,806
269,767
189,478
483,696
254,644
116,939
515,648
386,534
279,408
418,752
569,884
113,641
338,988
233,706
847,865
544,827
631,981
590,943
631,752
307,591
202,309
419,832
391,999
592,760
215,773
96,593
146,939
104,942
622,639
756,868
90,778
525,935
24,424
678,948
356,897
97,902
255,293
284,765
297,704
591,656
56,83
233,948
333,886
511,892
194,727
20,840
703,833
185,907
675,771
100,311
34,186
56,204
223,381
66,663
5,387
258,604
132,199
423,671
78,902
35,37
642,715
482,726
301,422
214,911
520,954
281,443
198,674
492,892
354,433
464,830
92,958
188,666
100,782
155,489
807,903
485,889
80,574
901,952
1,924
241,613
62,382
475,551
12,561
644,737
489,900
5,521
389,669
222,226
91,975
507,624
498,804
171,446
556,782
454,734
795,798
32,516
206,403
598,927
412,508
7,688
72,817
361,691
278,922
259,680
460,670
345,454
207,224
759,966
45,162
107,811
143,468
229,508
248,521
762,971
36,113
662,804
593,970
333,565
266,575
140,170
305,503
40,986
398,465
2,465
222,468
483,509
194,406
581,852
567,917
1,11
224,285
143,360
555,799
13,516
321,632
200,342
76,535
81,879
34,575
245,758
386,468
322,978
96,635
132,817
261,702
426,806
66,234
155,986
315,938
70,878
340,473
405,868
367,576
410,946
74,997
430,632
261,594
11,419
29,702
34,817
287,997
249,476
39,895
689,748
928,993
50,761
212,594
224,648
14,838
597,930
757,882
58,127
550,818
858,934
383,412
443,463
176,348
300,643
173,602
178,946
52,312
186,541
217,645
714,926
98,428
444,836
409,586
95,130
532,885
568,579
320,477
449,887
44,838
30,903
489,700
723,867
200,597
520,767
2,841
309,998
156,490
230,476
106,669
133,772
21,73
740,955
900,944
292,536
641,949
580,939
506,724
387,544
533,598
698,931
189,559
211,318
390,549
274,603
471,888
429,662
668,944
219,852
198,729
201,246
712,721
483,898
178,262
207,963
436,557
325,955
366,727
493,539
39,103
584,657
10,799
404,955
459,662
266,496
827,829
164,219
637,668
136,157
581,773
139,391
254,378
70,557
20,211
292,670
355,726
146,323
712,963
247,375
68,632
35,455
669,741
254,499
328,448
600,907
88,732
38,911
542,673
108,152
113,267
552,866
32,342
178,396
665,743
725,794
114,869
70,570
658,969
498,751
135,699
792,969
373,985
528,630
244,871
674,684
30,353
417,799
269,635
310,407
176,858
83,630
193,236
303,633
14,530
542,915
924,980
440,867
445,982
646,972
472,856
257,931
52,233
611,870
456,996
831,910
210,297
564,566
643,859
108,286
300,456
374,405
95,761
103,585
48,649
323,588
273,996
736,757
777,795
400,808
56,769
787,988
353,467
518,571
210,418
456,888
96,582
46,990
251,456
58,61
110,480
485,623
798,854
541,703
300,348
866,988
95,882
53,885
230,289
15,364
92,813
240,711
312,587
578,706
657,999
116,123
412,939
135,136
34,993
851,986
142,297
708,937
9,936
348,365
307,364
69,950
229,939
91,480
330,762
44,893
25,651
219,894
439,934
258,593
304,709
1,442
95,306
205,703
330,883
275,947
624,835
52,609
126,558
520,714
346,827
525,829
411,956
263,829
304,830
230,652
235,730
436,720
240,845
648,899
375,481
399,838
113,188
832,841
615,843
191,781
457,671
388,837
28,265
368,599
673,969
60,217
464,832
697,774
3,851
8,966
765,908
223,625
658,782
429,959
396,782
214,805
164,395
18,866
876,897
292,846
259,669
336,623
9,265
368,841
795,908
5,523
528,564
500,731
813,962
579,795
11,45
398,454
615,977
57,161
76,174
213,674
144,803
359,728
586,919
410,693
336,515
385,636
324,626
885,959
7,690
494,808
447,962
34,564
755,849
414,556
171,569
78,341
138,392
36,344
98,993
13,626
82,985
646,798
771,978
141,811
521,803
72,711
212,691
391,693
14,706
143,591
308,924
456,822
182,290
624,635
168,355
285,940
343,918
131,473
291,462
112,231
67,983
337,578
213,808
581,975
259,924
240,645
653,814
78,583
465,992
9,749
13,868
163,169
421,693
467,809
104,757
272,570
304,522
378,996
721,810
14,719
96,529
132,940
247,927
550,699
849,995
305,868
300,524
305,639
511,707
731,747
557,823
189,427
276,581
518,868
246,409
647,753
168,489
921,992
38,645
131,836
520,648
640,713
538,702
529,882
749,885
416,712
144,253
536,777
302,610
594,718
761,895
38,537
280,299
10,438
505,646
185,964
188,710
224,892
573,780
614,818
223,438
319,900
71,835
594,839
371,538
417,654
18,908
596,656
169,323
76,95
12,605
210,849
228,903
176,713
658,716
751,944
570,603
189,682
197,277
417,546
202,621
582,613
260,562
213,487
194,208
125,374
278,616
517,898
195,618
167,785
107,505
24,965
183,729
67,554
320,734
149,852
452,624
295,677
424,562
387,909
621,847
230,962
206,339
412,673
780,840
598,863
183,621
35,457
752,778
408,968
7,395
320,855
135,809
46,737
151,524
598,984
472,845
11,221
959,963
35,578
57,337
40,693
425,504
249,278
77,989
166,280
69,576
267,857
110,348
368,909
51,936
266,861
208,398
254,743
273,756
87,337
87,108
212,517
325,394
110,469
163,332
836,869
297,332
569,754
481,641
90,756
577,874
269,758
249,520
194,584
428,751
199,928
161,407
634,856
815,931
326,511
78,409
12,55
509,861
239,1000
643,861
588,925
803,813
481,762
863,864
486,877
314,356
219,533
2,535
81,828
115,412
10,130
190,1000
28,938
587,636
124,646
246,343
12,176
382,941
96,584
182,358
209,461
149,181
902,913
126,426
310,772
24,186
576,928
20,939
777,918
562,764
265,477
559,695
757,939
13,936
402,482
295,356
360,485
629,875
216,477
331,952
7,74
31,431
622,872
9,120
489,757
365,950
74,249
368,467
263,939
122,963
698,867
156,547
818,932
240,955
435,901
168,786
429,598
16,954
107,547
162,254
575,652
401,536
93,383
165,488
463,596
605,945
438,539
99,844
451,478
415,784
547,711
354,545
113,190
598,905
104,141
73,791
4,957
601,947
422,945
31,794
301,426
204,722
806,827
410,561
10,856
13,373
660,709
887,900
73,912
7,329
342,548
58,560
765,910
186,974
82,624
252,510
412,499
73,804
329,501
716,910
320,910
199,620
311,861
23,394
61,686
162,738
248,512
234,614
327,805
676,959
160,399
96,155
137,910
868,900
109,848
329,851
398,456
628,918
199,741
447,614
328,397
479,795
391,682
611,685
182,279
211,980
94,166
560,905
82,866
233,510
706,959
491,805
549,975
482,985
260,872
697,910
86,985
820,980
264,762
391,574
262,689
377,639
456,932
878,921
850,859
96,397
275,628
127,464
762,975
316,400
187,515
217,394
53,929
103,292
699,811
437,811
803,868
476,510
71,461
286,349
766,986
117,577
678,873
86,998
731,736
400,865
741,929
686,993
1,136
54,228
92,520
78,585
861,994
193,306
303,703
726,806
397,567
215,590
60,716
187,757
660,977
627,800
448,532
184,459
700,753
227,829
56,947
823,860
312,873
504,814
96,760
564,865
330,927
25,587
135,193
145,881
816,820
150,996
19,247
139,837
1,607
23,891
207,483
143,727
96,881
751,812
770,825
775,940
723,750
814,868
425,827
225,473
115,601
483,768
937,938
702,812
270,889
72,379
872,994
911,922
434,768
406,669
313,478
538,825
32,199
389,473
7,142
31,499
8,781
723,992
575,599
265,787
144,497
94,905
75,663
302,854
121,779
93,451
547,658
354,492
211,672
147,916
169,446
320,844
807,962
485,948
705,951
125,376
572,836
80,862
797,954
32,562
123,680
147,808
618,659
255,607
530,546
301,723
208,266
829,842
567,842
209,905
424,793
553,678
214,983
363,554
561,798
201,492
588,901
65,631
519,801
109,674
488,670
3,921
658,852
415,865
129,508
454,793
160,346
841,973
51,817
82,921
118,578
151,526
412,796
11,223
577,634
530,788
348,811
582,978
213,852
153,572
189,229
4,449
262,973
795,978
280,798
228,342
954,971
486,637
733,743
213,973
683,922
139,758
216,224
161,288
105,393
430,678
289,473
242,398
145,465
57,581
136,645
34,634
70,816
381,412
298,643
518,683
377,707
74,935
872,915
803,815
150,930
181,243
272,627
577,997
57,473
604,871
134,693
698,735
782,877
9,927
293,420
501,635
430,691
550,756
517,579
407,707
319,823
121,350
907,993
184,406
337,648
161,651
598,652
548,831
675,872
872,928
555,992
118,954
209,584
195,420
448,600
219,777
200,535
234,348
126,320
365,831
673,718
610,635
441,597
174,482
155,240
647,931
12,420
86,369
17,764
325,651
229,943
177,487
416,769
297,589
677,810
503,657
300,594
24,430
244,662
161,664
441,947
749,834
348,490
241,364
531,877
226,241
589,818
415,436
14,92
82,492
49,315
307,839
403,547
615,726
50,954
136,203
339,791
31,675
721,893
540,552
127,908
75,718
6,93
825,950
195,783
489,772
797,888
547,713
786,958
371,487
150,488
482,961
21,374
315,326
191,785
347,544
39,391
292,608
834,891
424,727
704,781
162,498
418,424
509,542
855,950
469,914
581,832
655,781
152,160
55,227
290,804
104,385
49,449
213,557
194,278
414,547
149,801
386,448
121,968
363,730
234,616
60,463
8,273
101,989
665,802
546,622
425,561
873,953
23,517
331,404
60,584
187,396
94,168
734,794
595,864
4,396
859,910
518,617
234,858
179,922
8,515
27,528
192,861
574,926
352,813
734,915
508,572
167,279
241,753
375,982
153,640
529,631
56,936
147,300
190,936
59,224
105,569
743,856
206,880
674,985
32,764
99,525
173,474
439,859
604,926
392,518
824,929
268,711
202,357
840,910
50,754
284,692
214,596
238,990
527,827
126,254
253,295
19,128
585,805
310,829
142,464
68,249
188,580
288,518
174,416
358,762
812,932
435,945
476,754
674,998
314,426
506,596
239,252
1,609
390,421
235,547
6,724
158,300
545,709
201,936
77,375
256,606
27,783
591,596
190,252
118,901
556,575
34,944
304,768
254,947
851,937
202,491
413,711
853,946
438,475
503,833
66,832
723,873
797,822
181,553
456,492
253,429
225,596
230,940
49,370
381,614
587,948
143,971
366,491
345,368
517,889
4,75
295,547
649,779
60,384
392,894
313,601
113,247
63,655
189,794
120,960
496,722
274,609
293,622
587,840
48,266
380,776
72,623
55,979
180,193
69,96
566,902
170,673
285,623
156,738
290,738
799,844
114,512
205,896
642,897
862,900
399,910
705,953
452,507
369,738
231,508
737,905
373,857
343,951
596,902
73,861
122,457
17,966
3,802
223,805
209,907
116,679
498,744
231,629
396,962
83,502
410,631
264,806
33,910
206,343
134,440
29,158
34,502
87,99
787,968
23,572
4,330
551,728
611,742
561,921
476,554
421,618
729,734
426,962
209,210
104,682
178,631
214,288
49,746
164,467
141,749
53,636
188,272
312,338
36,403
344,519
75,102
90,639
389,972
549,924
358,575
377,588
743,911
228,465
780,978
164,709
52,239
141,991
277,357
870,871
142,169
620,696
518,685
817,981
204,229
844,855
536,702
558,986
847,860
747,922
126,309
313,401
34,986
103,591
271,404
777,801
648,879
455,750
183,291
248,945
55,779
89,134
130,172
949,992
489,748
98,597
258,586
681,689
497,868
134,816
460,986
64,720
721,990
427,543
31,543
196,876
158,355
144,191
233,943
663,756
434,933
332,656
598,775
395,712
161,545
307,828
226,940
307,599
205,817
647,933
26,91
366,654
108,884
108,655
261,897
25,886
462,887
85,900
575,764
781,869
506,664
392,828
165,371
464,933
404,653
263,943
367,771
174,605
149,548
200,779
38,717
19,438
98,731
220,428
187,251
159,189
876,998
628,896
241,258
139,210
572,772
317,482
404,895
321,372
482,963
463,721
380,952
259,662
89,510
658,896
190,562
4,143
429,844
649,847
437,439
588,608
244,798
660,713
123,508
329,613
664,832
117,205
353,970
213,667
163,846
553,735
133,149
662,907
748,947
151,691
304,970
385,629
357,796
7,683
277,278
29,213
34,557
347,788
133,270
80,932
59,92
372,552
138,385
77,109
674,853
127,226
68,814
282,514
669,923
125,796
636,746
89,873
372,673
97,468
262,801
391,686
105,329
45,49
303,573
368,968
449,627
60,815
426,909
560,909
16,516
458,861
926,966
213,801
521,917
502,638
273,815
240,638
380,389
726,797
5,771
536,636
302,469
830,854
238,979
489,561
921,972
95,930
544,756
7,817
313,335
268,592
562,810
708,864
119,469
690,995
132,933
324,874
169,1000
249,700
73,474
128,181
138,869
21,55
191,237
70,176
168,482
267,461
921,985
43,716
387,526
211,300
557,708
450,582
428,823
123,187
59,697
185,836
54,353
331,890
317,992
446,877
782,826
647,867
708,877
531,692
622,810
508,708
318,584
156,256
6,726
826,990
177,544
605,762
383,649
116,305
333,828
700,770
758,940
832,889
482,776
587,829
494,601
573,894
614,703
306,550
125,246
383,770
765,835
517,770
429,657
24,608
60,265
469,958
54,716
362,603
499,837
399,899
306,671
498,612
809,999
640,961
500,658
557,963
252,327
436,902
54,608
691,899
36,150
215,381
352,386
804,961
7,617
246,899
475,493
306,684
466,673
658,843
181,689
561,910
597,604
454,555
44,391
183,735
26,751
67,789
755,897
172,576
101,107
328,335
465,569
64,225
19,748
140,220
692,962
95,743
12,974
232,748
161,279
162,918
308,972
105,155
229,450
657,860
108,389
454,797
250,509
351,561
29,510
175,335
312,569
59,160
143,531
831,905
65,877
8,343
247,854
104,805
541,577
140,233
720,808
114,998
291,402
194,698
144,877
782,868
400,574
740,871
143,652
468,974
60,883
247,746
228,467
429,457
412,813
267,395
866,983
286,408
62,929
167,228
406,473
227,996
870,873
331,824
303,762
256,421
297,459
383,462
591,640
784,806
140,475
11,590
401,516
530,926
24,300
65,301
5,21
46,59
65,72
502,827
328,940
548,943
465,945
27,948
536,825
121,583
374,763
145,940
291,765
103,714
34,880
543,986
548,835
312,824
301,406
480,637
141,188
721,763
633,650
8,827
127,778
13,942
503,769
16,947
420,771
635,696
60,199
612,712
290,661
51,150
238,242
312,945
35,142
174,486
592,999
688,707
540,543
177,491
760,812
888,997
74,255
32,258
249,781
684,709
455,886
496,887
90,199
16,21
31,558
185,207
622,999
214,908
55,97
566,838
651,653
614,1000
460,533
47,623
737,841
266,438
352,441
276,897
114,798
380,954
499,905
614,892
669,791
311,854
878,901
143,452
373,685
417,957
104,497
71,320
288,843
631,657
741,788
414,430
649,970
547,959
421,554
321,616
574,796
68,924
582,916
86,749
361,688
553,858
162,973
919,952
449,508
165,749
421,446
44,688
385,752
618,960
57,398
544,745
26,819
12,921
34,680
115,339
139,696
235,404
620,740
152,406
726,907
36,460
27,640
285,935
541,861
44,580
173,465
674,747
365,406
98,291
254,575
741,922
405,973
245,755
391,809
845,979
298,352
726,799
454,865
123,994
11,524
30,537
33,54
296,922
318,681
497,683
213,924
139,709
82,175
359,978
400,750
518,742
671,984
196,462
250,927
277,764
282,879
46,114
392,522
323,651
309,753
249,473
185,946
293,479
69,1000
215,825
339,366
311,533
830,869
121,409
678,1000
318,694
225,237
703,764
207,826
152,661
256,718
108,591
605,872
149,363
350,353
737,762
140,543
267,584
28,73
33,417
687,941
79,533
46,356
84,648
239,256
464,640
906,985
455,820
422,643
188,476
793,815
70,191
173,841
275,300
103,782
505,762
505,533
59,712
408,600
86,549
208,246
17,715
807,834
573,896
130,592
383,772
223,783
295,659
135,441
350,366
8,77
651,708
35,210
549,660
168,739
80,626
200,957
129,488
456,617
146,428
32,555
280,428
832,904
394,907
15,93
232,616
259,490
639,711
759,776
33,672
63,551
670,963
291,378
494,966
134,431
122,340
53,506
655,840
130,955
218,573
116,791
404,965
674,789
151,748
95,853
324,447
208,501
461,681
554,909
342,501
576,668
856,951
655,961
75,911
56,632
405,786
9,557
64,227
284,496
330,383
201,498
426,845
51,702
290,984
85,286
71,388
95,745
463,912
48,633
172,928
337,507
783,853
86,925
232,979
273,751
474,741
23,576
59,270
440,635
398,638
351,792
76,587
263,679
645,744
669,872
180,681
70,809
498,990
14,877
36,407
22,243
27,587
440,756
252,934
49,871
35,936
167,338
296,977
272,391
544,813
184,278
20,813
245,931
419,818
303,872
69,705
443,623
733,870
409,746
312,813
754,929
523,996
58,408
523,767
127,767
11,592
167,580
365,824
93,365
167,351
310,888
282,826
409,867
870,996
367,870
653,998
114,424
532,937
7,69
339,542
605,698
517,814
388,700
374,765
263,934
362,647
730,814
7,190
86,254
3,714
242,767
806,809
341,480
234,354
146,241
277,724
827,868
552,663
63,472
1,789
554,709
688,709
204,596
185,317
487,655
165,375
27,145
51,502
44,85
293,789
408,776
81,381
375,599
22,740
644,723
317,365
451,594
336,378
47,504
616,661
781,994
160,381
473,612
660,704
813,946
486,551
475,658
716,784
788,889
342,543
8,963
278,558
443,891
341,843
84,958
8,145
299,617
533,784
137,784
304,961
780,890
16,494
343,660
131,215
664,715
989,1000
755,833
138,376
281,913
98,977
165,738
225,789
217,376
310,567
764,774
475,671
34,440
78,217
410,690
242,325
113,440
472,787
86,980
103,395
92,502
424,975
840,890
289,521
140,398
434,616
122,529
15,403
276,444
400,739
842,855
620,742
358,742
413,449
69,639
17,220
599,804
57,521
351,739
103,408
903,986
400,860
837,861
188,452
18,529
4,631
119,352
336,875
418,685
289,763
149,231
756,909
412,870
222,709
258,403
10,301
139,940
249,583
273,940
82,177
474,930
166,814
147,535
212,930
330,922
294,999
206,886
462,812
247,924
544,881
184,575
48,943
122,892
459,514
6,946
689,976
240,884
656,799
105,696
518,865
26,137
564,981
757,881
11,768
319,884
962,990
401,465
136,948
411,887
610,804
703,766
78,943
16,65
620,997
205,755
86,538
7,16
397,696
72,145
130,581
438,468
168,607
709,931
290,718
276,820
290,489
177,548
125,129
281,605
943,990
547,761
299,659
266,482
651,818
114,613
403,487
348,551
293,844
81,207
265,782
581,759
419,431
190,608
264,557
214,965
83,253
561,780
19,497
461,549
521,600
273,498
383,895
493,538
503,960
14,503
552,852
132,266
82,674
202,968
145,205
324,436
7,500
91,908
576,657
306,796
834,952
326,482
61,965
355,954
187,323
51,691
440,503
230,959
403,850
169,683
711,966
236,444
711,737
637,788
769,944
174,798
347,955
20,560
42,844
424,909
97,514
88,960
23,336
386,388
391,503
143,401
456,861
430,431
877,891
297,316
445,968
679,906
835,894
153,567
20,452
135,927
91,103
151,871
385,809
51,704
233,452
219,517
558,737
145,339
131,404
389,965
84,329
213,968
189,345
433,971
194,460
562,856
152,463
759,912
327,989
523,635
710,727
476,560
660,906
337,630
595,925
359,914
221,684
606,791
205,447
74,930
509,858
657,756
256,412
104,809
434,684
305,799
184,509
296,750
98,240
717,743
240,818
708,923
147,361
391,987
680,861
191,404
261,877
569,993
283,636
223,356
352,995
696,805
495,815
44,879
34,871
111,825
202,418
97,890
240,710
124,764
418,982
251,576
738,923
932,937
145,823
219,772
57,710
654,700
332,649
103,826
175,931
404,525
276,754
123,246
67,351
499,762
573,711
397,751
242,877
729,995
25,879
116,243
467,995
415,539
728,999
19,310
510,813
629,764
837,942
177,603
476,936
190,542
223,490
484,531
165,485
511,893
497,995
269,313
876,991
105,885
141,542
17,772
485,877
22,850
89,611
388,944
267,654
323,963
712,775
324,370
661,958
686,722
317,367
410,558
415,902
19,673
98,966
137,665
109,603
7,555
62,262
246,837
669,674
89,853
686,843
994,996
89,624
166,319
429,958
432,438
156,799
579,902
118,278
238,609
324,612
444,448
535,832
540,910
727,773
419,620
457,912
4,378
121,963
358,381
41,445
294,625
10,866
127,219
748,832
467,553
351,607
142,204
39,520
116,740
551,897
643,900
528,684
445,915
99,278
706,956
557,567
340,569
240,402
5,993
289,523
657,690
333,566
720,975
733,914
318,443
43,238
207,346
28,869
933,975
504,569
531,672
132,697
44,813
211,990
398,816
667,977
276,338
381,583
634,800
243,878
597,918
149,233
830,860
217,862
464,739
161,701
400,983
6,827
207,588
193,424
413,693
17,464
476,749
335,773
61,470
168,367
121,521
200,585
508,701
112,472
332,475
373,476
404,580
244,591
20,883
21,290
59,582
40,303
348,419
224,878
26,139
261,945
503,707
742,989
30,783
539,926
38,644
24,480
473,535
165,190
491,589
656,693
155,411
435,953
56,368
11,891
355,701
374,714
131,956
635,755
198,717
327,602
291,945
612,1000
249,948
598,836
758,825
257,543
744,890
95,481
427,954
100,596
274,483
260,548
210,956
463,648
86,432
227,371
265,663
3,663
176,591
195,604
589,760
915,930
384,476
771,885
315,376
153,314
139,379
116,661
410,613
140,789
332,959
216,784
563,828
596,776
422,889
931,995
451,772
267,951
602,941
98,913
560,944
151,510
187,204
505,779
646,718
274,846
260,682
655,952
15,97
6,277
295,905
28,790
138,433
248,564
795,962
387,908
242,261
266,618
868,952
293,980
134,664
53,739
213,728
521,844
268,398
667,669
625,901
262,849
64,339
110,226
349,508
522,665
582,975
120,621
175,328
699,971
358,449
110,347
156,988
613,675
200,277
577,981
291,395
175,449
636,807
441,568
28,924
59,274
119,288
50,454
229,685
41,863
476,791
379,629
136,871
277,581
122,707
103,465
227,760
409,737
120,634
139,647
381,409
193,358
726,858
757,925
89,237
439,801
599,753
328,933
18,707
166,642
133,694
97,771
559,573
159,868
756,858
374,527
492,748
444,1000
411,823
230,748
263,696
404,406
436,587
942,984
353,589
358,933
215,884
292,579
858,990
130,288
99,938
489,635
219,774
341,471
635,689
19,191
24,535
698,745
309,933
340,1000
758,759
890,915
274,417
265,597
517,818
448,947
66,653
102,310
126,667
365,949
781,864
459,584
189,723
581,695
182,949
366,541
125,186
714,995
621,767
593,934
241,482
419,488
572,767
97,208
341,834
50,133
695,837
244,901
239,557
63,597
885,934
582,896
554,834
191,782
498,673
176,659
737,955
231,329
129,547
957,958
79,726
151,565
321,488
266,552
370,380
549,611
91,965
15,152
741,781
994,998
209,957
9,603
699,784
80,806
437,555
36,211
280,837
662,902
32,735
71,434
145,383
375,845
103,386
97,571
262,904
859,894
391,560
597,894
330,550
151,807
431,861
200,211
530,840
315,915
857,969
750,843
83,565
51,761
263,388
595,861
235,289
639,904
367,445
386,687
229,740
845,972
163,386
159,681
486,810
431,874
153,866
1,243
226,856
59,450
317,974
504,800
325,340
132,928
242,571
541,867
131,474
566,631
282,872
837,865
226,977
793,795
8,525
531,566
388,746
402,415
300,633
88,225
181,187
731,856
120,931
87,754
12,351
320,467
485,800
457,701
261,826
264,306
379,818
43,832
645,937
607,645
340,826
417,521
702,919
614,806
344,945
490,770
672,747
429,760
102,365
714,929
392,878
165,421
552,601
120,944
744,771
114,375
205,759
265,544
526,814
120,126
476,993
517,994
176,472
135,434
508,945
30,906
229,298
401,819
79,768
148,373
487,593
700,886
244,606
230,708
552,722
629,942
436,776
191,945
301,588
3,894
287,424
397,821
92,185
443,937
171,249
580,942
547,994
593,881
739,935
505,768
161,958
100,719
591,956
56,383
479,486
83,486
308,604
910,938
547,886
32,440
290,964
338,483
384,599
389,714
53,499
889,1000
102,620
836,844
128,794
637,900
12,848
246,786
58,964
768,831
181,805
704,846
706,892
539,715
384,841
461,795
249,387
180,553
221,325
405,671
410,978
28,913
570,967
55,292
149,156
137,856
434,554
291,505
131,287
217,327
20,685
617,675
185,752
50,564
124,513
55,642
36,400
108,505
242,505
321,798
486,865
425,855
29,626
203,513
571,680
115,400
249,629
334,444
432,750
325,624
86,113
129,749
638,855
77,293
49,985
558,862
39,940
147,473
620,922
381,411
143,768
232,288
399,465
657,989
578,696
316,696
8,580
517,686
710,852
872,914
522,801
393,916
136,994
870,989
188,632
133,696
386,876
329,342
279,750
212,760
31,419
210,650
550,755
374,758
365,938
217,811
585,978
189,712
235,599
656,858
485,976
471,583
605,812
438,635
484,522
162,242
728,882
294,361
280,463
482,826
7,304
494,651
702,866
485,868
163,588
22,612
911,976
66,884
374,771
468,635
322,352
148,428
709,761
60,315
277,838
244,661
1,903
134,237
633,887
182,951
297,938
218,379
266,541
786,836
491,659
155,710
100,774
806,936
11,961
52,733
303,315
547,941
165,610
373,788
13,482
440,549
464,943
151,675
681,941
417,831
16,487
986,988
499,900
655,888
595,608
194,264
199,608
56,559
603,957
424,726
64,154
243,385
110,270
93,626
514,885
160,387
220,438
211,618
431,850
104,492
54,900
431,621
596,954
38,138
114,685
57,151
141,788
530,600
683,842
158,957
292,957
65,914
182,267
607,968
574,791
734,780
333,436
343,895
472,780
329,731
488,495
364,688
47,981
437,907
298,334
243,398
449,732
210,221
182,388
44,683
118,403
123,747
365,509
174,978
337,447
650,907
10,52
194,627
870,910
446,619
344,571
418,557
270,393
253,978
643,904
588,968
44,804
393,729
646,909
153,976
318,555
356,581
235,520
400,853
89,991
240,635
6,468
9,739
110,525
383,391
674,863
42,98
173,581
412,863
300,622
835,966
33,49
227,817
309,856
328,869
409,565
54,337
59,681
624,867
803,869
402,525
481,818
154,460
291,694
101,533
39,887
488,979
17,576
145,990
448,762
379,928
453,877
107,240
258,638
533,577
34,930
13,53
323,767
395,643
515,937
64,772
721,813
485,802
31,366
696,985
190,359
195,703
9,55
368,402
684,867
563,577
174,536
177,541
316,885
880,927
742,993
635,867
575,587
43,955
700,996
299,652
210,839
507,537
853,945
39,203
415,719
234,644
32,200
390,662
188,713
59,828
769,924
315,488
260,552
494,719
862,886
603,891
231,494
396,827
284,357
456,612
146,423
841,948
423,960
238,426
169,555
241,660
581,765
691,896
185,270
28,552
363,542
437,491
762,776
151,622
271,953
44,267
744,907
62,321
683,897
442,542
58,845
359,773
166,378
133,201
267,955
487,958
215,499
74,560
574,846
882,962
393,542
49,732
85,160
618,889
291,494
403,735
2,391
623,738
58,966
232,853
48,278
312,553
284,491
36,389
91,96
280,786
335,685
209,317
954,959
558,730
692,730
29,386
409,607
139,517
1,287
171,964
537,792
127,399
445,974
352,746
731,779
411,572
576,905
147,233
699,975
592,620
330,849
335,698
173,636
99,458
314,346
954,972
453,690
398,754
19,169
222,757
511,631
678,808
122,590
736,978
15,464
736,749
405,915
606,905
119,521
94,464
346,456
411,585
87,690
104,105
73,526
749,809
124,757
246,454
366,519
182,698
278,406
149,521
116,344
558,985
57,703
360,475
74,118
599,757
146,223
464,569
49,290
202,532
59,749
694,994
432,994
215,996
724,873
14,188
217,813
79,583
318,865
87,703
763,986
147,717
661,709
297,927
58,416
127,775
429,817
214,892
262,411
79,475
304,822
188,647
259,527
262,303
712,997
285,664
538,881
142,652
2,83
62,134
922,992
521,648
306,723
144,661
292,596
226,242
195,663
368,591
588,823
187,250
390,838
285,556
579,774
216,722
513,945
581,820
199,489
686,836
727,874
639,761
121,835
363,597
762,831
607,957
189,969
901,946
137,550
44,322
794,820
71,425
11,145
651,771
436,846
273,559
567,777
572,892
140,969
418,425
690,847
266,785
118,392
899,957
486,559
577,906
272,307
131,331
516,667
650,667
540,795
268,336
359,720
548,619
185,567
460,543
553,734
64,277
234,954
363,839
308,903
19,800
762,844
8,382
202,921
296,556
689,716
498,919
231,575
451,844
179,910
514,900
13,618
789,839
164,521
7,803
53,919
617,732
82,159
551,903
182,282
495,742
426,908
641,796
47,57
411,748
202,345
548,753
133,511
205,616
26,119
803,979
476,621
302,468
305,968
200,686
217,855
21,980
833,858
29,575
115,578
227,819
636,987
606,852
265,522
380,509
738,742
294,994
536,756
429,630
346,632
203,583
227,940
82,522
51,189
436,525
515,818
749,756
284,922
344,936
564,976
237,581
144,353
214,597
88,458
594,818
709,805
148,243
566,756
698,912
617,987
736,938
441,761
399,764
215,943
127,830
168,831
228,882
42,234
682,823
668,925
98,772
74,186
547,635
392,990
846,931
390,651
235,777
178,243
601,871
12,476
628,708
58,592
37,240
584,638
603,651
410,485
415,600
19,600
640,947
406,780
63,643
665,711
598,721
155,646
81,431
62,189
683,765
292,651
894,985
256,957
179,710
712,944
813,996
44,256
118,205
290,726
375,770
807,952
172,441
28,662
88,713
23,89
231,267
14,498
336,549
704,716
14,269
110,206
126,968
984,999
5,449
137,834
478,898
44,377
25,135
376,887
324,431
117,367
29,254
378,896
534,655
19,734
137,955
720,781
486,614
255,947
164,563
305,310
670,960
296,719
241,783
852,937
447,888
185,622
639,829
778,907
561,909
509,719
690,794
233,555
52,214
103,445
213,842
115,270
1,168
87,208
336,912
74,912
93,925
41,735
776,955
168,281
173,625
481,512
486,856
186,335
618,783
12,973
903,915
180,557
14,753
265,335
60,869
285,987
178,861
374,507
115,512
194,805
37,858
265,456
597,966
148,874
27,813
503,513
52,348
585,848
225,276
469,636
307,574
372,740
587,628
633,744
471,682
113,974
261,872
151,1000
374,520
379,864
709,739
879,921
510,566
408,518
578,700
252,944
11,589
88,284
267,515
594,644
198,415
328,939
601,805
586,645
839,862
135,480
508,991
214,544
341,585
203,880
506,652
175,818
114,542
254,293
154,880
61,652
83,182
396,642
520,937
93,604
781,978
874,940
252,368
367,880
389,639
114,434
251,934
655,758
292,706
281,547
470,483
198,778
794,809
393,465
598,897
651,760
241,596
29,188
282,368
342,419
58,660
223,956
433,537
446,476
308,542
93,617
459,711
252,610
486,548
252,381
530,591
241,488
31,907
93,738
456,561
280,830
8,142
491,784
306,967
342,432
218,625
597,887
358,376
239,913
77,97
674,841
82,966
25,432
66,204
257,738
16,383
103,500
356,680
933,957
148,916
265,269
275,728
41,561
674,962
118,515
338,784
117,556
184,317
86,977
571,726
364,921
78,564
28,743
119,336
363,962
160,633
58,97
803,968
385,980
168,228
720,970
701,728
258,387
208,566
631,669
226,849
380,498
270,626
638,793
416,451
113,679
145,631
52,403
549,980
282,865
161,575
340,577
54,220
826,965
91,516
652,849
118,878
149,228
11,752
443,446
558,921
52,295
313,565
203,693
640,694
552,581
414,913
796,978
255,331
331,878
100,457
50,865
532,639
232,347
168,591
393,975
250,926
267,341
525,865
781,791
43,596
411,763
249,701
469,704
197,245
73,475
909,976
191,696
26,134
578,876
256,596
75,521
61,357
649,756
698,914
538,696
183,468
837,992
188,583
45,763
26,484
81,191
848,858
394,422
223,769
314,887
135,427
47,543
682,825
382,533
814,981
165,535
514,689
612,766
271,473
114,489
802,863
50,999
688,990
141,363
567,700
199,304
39,86
88,473
124,130
303,361
93,551
354,592
151,492
44,366
665,713
95,597
380,766
80,962
603,774
465,544
630,648
593,995
412,654
44,258
384,592
650,711
889,993
760,879
92,420
460,587
23,320
152,205
630,998
146,656
299,898
343,941
375,893
337,372
356,385
672,887
278,731
83,492
93,685
910,944
242,256
352,387
200,259
351,428
43,275
442,546
152,447
215,503
163,313
146,669
99,328
173,277
431,801
458,904
577,855
296,842
764,947
144,744
455,606
326,492
264,809
532,560
284,495
234,903
330,611
146,790
836,971
173,627
44,742
627,834
66,272
379,732
85,285
16,680
76,694
258,442
296,734
282,570
361,863
631,724
9,906
358,794
47,932
685,960
462,622
314,458
241,919
824,974
958,974
142,388
312,570
36,635
204,219
14,58
198,404
506,520
48,874
370,925
464,789
139,992
543,853
161,522
106,586
188,625
548,931
202,294
647,910
72,184
383,571
522,915
16,814
277,589
411,818
612,808
251,802
58,407
319,936
398,1000
162,235
371,574
409,866
334,692
31,654
3,592
171,405
478,592
18,836
2,74
86,482
31,546
177,600
366,536
111,246
404,993
266,534
63,471
546,588
21,474
150,359
582,770
482,832
17,769
111,138
869,985
60,550
187,362
290,783
417,824
95,544
236,254
122,381
447,703
774,832
163,944
278,894
443,998
80,909
369,783
126,796
382,722
693,880
238,714
887,894
428,545
199,722
70,608
185,558
138,254
831,935
248,614
762,835
285,910
393,709
505,950
252,733
885,942
21,608
84,139
134,485
103,152
323,384
576,830
727,999
359,603
653,784
212,553
205,365
231,566
168,217
426,778
357,907
118,396
269,794
527,564
384,781
403,794
263,491
194,391
218,748
116,966
553,967
83,560
64,281
191,322
215,679
118,746
68,925
474,566
358,620
289,749
89,166
500,969
118,867
558,910
95,920
425,795
24,451
276,443
675,677
4,509
854,908
31,346
289,870
476,733
168,580
591,683
624,631
302,580
99,746
715,749
247,910
74,164
198,230
571,741
249,690
235,526
68,120
109,158
97,821
174,516
21,45
536,868
228,523
415,578
654,860
184,682
566,747
122,999
409,800
180,977
445,457
617,978
301,449
17,690
237,693
402,760
696,749
38,749
19,470
103,878
13,167
5,77
32,180
428,934
101,539
610,682
326,923
109,400
90,121
269,352
73,706
716,812
17,811
325,927
237,814
259,344
608,986
319,883
181,653
219,945
38,870
146,174
411,886
249,824
35,306
174,650
270,883
600,758
806,863
267,814
957,995
9,61
809,868
593,984
440,476
252,425
90,134
269,365
521,586
471,994
545,943
540,599
586,715
300,883
121,652
308,707
79,884
621,938
579,712
44,139
54,827
67,537
595,656
204,771
553,659
195,951
415,954
459,768
271,946
579,833
706,874
725,887
54,719
269,607
623,839
375,774
315,494
12,722
263,304
144,841
120,255
218,790
639,820
78,258
83,602
518,530
50,196
822,941
574,610
300,307
365,436
309,541
595,669
42,722
553,672
317,661
45,202
212,379
137,959
168,272
357,962
66,261
164,567
398,505
439,543
842,896
47,921
685,949
107,972
265,326
275,556
192,787
186,218
241,908
544,680
122,691
134,553
115,274
230,261
119,393
513,549
465,801
281,980
349,855
583,793
214,401
186,339
184,495
810,957
180,790
562,855
56,983
782,858
768,960
446,909
174,221
638,850
710,955
223,342
252,814
85,637
414,849
796,914
474,863
601,675
231,876
102,991
578,920
91,344
108,742
35,937
38,683
14,60
43,761
893,968
10,355
59,513
721,861
215,989
118,827
176,280
267,398
74,232
700,923
464,912
106,938
202,646
54,519
455,863
138,927
110,828
605,807
135,592
300,925
83,173
503,530
415,646
74,353
55,74
313,635
767,805
142,753
596,694
105,871
191,874
86,592
353,707
301,517
48,71
600,813
89,368
135,713
200,879
186,944
580,871
695,821
511,1000
280,579
681,923
156,772
431,482
250,407
21,584
325,995
941,998
719,885
94,833
89,489
168,782
603,939
295,594
38,938
415,659
14,315
148,544
327,775
109,589
480,990
29,71
61,777
157,485
690,719
41,310
13,248
524,952
338,533
546,711
68,672
771,829
236,256
843,934
43,90
475,538
628,780
686,950
278,667
584,710
4,135
78,84
341,952
284,418
387,839
509,536
748,818
25,423
156,906
338,654
324,490
637,721
135,968
126,919
308,896
253,960
643,886
472,775
236,498
585,652
29,205
158,844
309,488
796,835
37,554
166,439
152,504
372,773
606,711
713,837
322,952
224,380
726,776
358,380
657,676
44,449
546,845
539,657
16,616
126,222
131,566
272,313
81,745
442,724
287,850
10,47
142,203
367,550
625,845
504,555
55,463
490,620
715,738
623,920
392,499
617,846
59,555
307,391
21,34
188,211
293,456
193,289
432,571
74,863
160,866
58,330
522,730
80,348
112,566
103,746
636,980
139,699
629,792
376,383
515,690
768,907
86,284
891,977
127,581
204,276
94,633
770,916
520,741
291,918
654,741
74,166
599,805
103,867
258,512
165,284
115,692
411,754
332,461
566,628
156,464
824,923
444,931
510,733
59,797
226,974
381,582
21,276
169,174
241,279
881,905
196,802
176,335
761,988
267,453
286,466
109,510
435,939
765,814
99,990
42,456
126,598
874,986
46,346
409,923
428,936
524,873
87,643
58,585
779,870
378,526
234,518
148,478
253,531
52,541
337,939
1,724
357,359
273,365
825,878
181,547
437,473
13,182
427,953
535,752
581,868
278,830
130,703
663,937
243,314
410,491
98,899
299,889
533,827
660,868
113,241
321,419
519,892
1,966
104,421
202,727
725,768
158,657
70,773
70,544
811,956
267,829
690,895
148,612
179,716
36,142
552,961
151,617
290,961
871,943
241,547
134,421
208,370
356,497
144,843
130,945
20,319
328,435
41,607
165,673
132,725
82,904
385,676
555,599
164,677
24,145
134,542
122,451
521,951
810,825
488,545
87,201
37,609
78,381
234,894
652,653
3,207
352,620
868,951
324,787
114,977
392,433
249,384
59,489
100,261
410,975
107,974
759,900
456,862
585,720
203,618
26,985
115,276
82,99
125,735
254,620
391,854
513,551
224,448
611,857
377,690
383,441
402,454
228,567
61,161
489,608
527,863
24,508
222,752
516,741
400,795
312,682
265,570
36,747
69,695
863,970
816,858
398,870
62,921
203,631
492,505
189,696
879,914
428,978
194,811
51,237
483,685
340,865
837,917
246,449
12,282
228,809
388,798
61,403
448,812
140,467
489,621
117,978
181,239
365,814
749,925
601,798
205,798
7,288
413,747
31,416
633,750
70,344
94,701
949,986
337,873
170,696
115,760
698,852
323,938
161,876
376,801
20,937
805,978
648,994
18,827
269,409
384,396
152,827
205,919
702,971
790,818
284,983
661,704
394,589
749,817
600,694
605,809
696,927
603,699
484,519
561,702
478,704
249,881
202,769
78,999
702,863
532,940
325,876
227,304
213,406
182,827
125,293
256,776
567,638
438,524
658,756
143,310
291,999
365,948
547,696
82,596
238,355
155,586
609,756
339,895
499,884
452,772
177,604
89,720
586,772
92,237
350,761
553,595
556,637
649,828
238,705
11,19
274,887
852,864
347,877
526,879
306,610
56,664
80,792
187,366
412,713
665,893
379,536
348,957
112,192
274,779
516,541
72,793
158,833
292,833
595,605
212,544
162,952
281,903
308,777
418,420
616,893
10,854
333,541
544,724
370,608
595,955
669,904
774,957
507,842
308,898
74,731
745,899
449,608
165,849
160,505
168,329
560,890
319,498
725,957
21,841
502,619
180,605
345,901
312,495
597,893
96,611
251,256
25,438
90,796
90,567
203,444
122,519
172,865
194,624
469,563
78,678
432,681
358,503
605,609
209,380
462,560
76,753
525,616
478,504
175,503
128,391
455,557
226,734
284,904
270,740
523,691
278,335
44,922
42,95
214,579
608,735
200,681
30,758
167,275
258,622
84,735
98,404
146,152
492,560
230,560
56,932
367,794
35,55
40,399
243,758
14,935
55,936
160,989
490,864
58,224
724,802
624,864
457,458
613,971
594,692
277,756
511,694
153,986
115,465
161,810
111,989
274,458
399,867
289,995
490,756
297,627
66,694
167,746
902,966
167,517
62,989
103,990
423,931
139,943
240,995
114,361
408,579
205,745
485,799
163,748
53,122
130,571
39,187
476,979
462,815
369,587
333,930
368,628
203,820
115,707
156,708
524,875
12,471
144,590
278,590
259,348
168,718
200,936
514,574
142,931
390,767
395,882
123,423
207,831
16,68
193,896
380,759
512,649
806,867
80,726
737,996
317,410
938,986
198,947
931,983
351,408
122,319
526,934
586,719
658,824
97,262
181,899
127,141
271,829
343,705
337,365
447,762
760,993
199,431
672,880
278,724
658,945
129,601
377,437
248,552
179,947
657,720
60,501
137,950
822,824
720,776
11,87
52,88
632,663
114,737
585,588
241,778
293,968
461,781
125,603
584,888
14,735
308,953
798,817
46,953
108,370
500,894
233,550
44,385
250,719
403,961
67,783
337,378
460,714
245,789
372,601
148,856
214,392
68,863
585,601
175,437
306,920
345,848
59,491
465,913
317,786
606,660
946,957
495,792
52,222
580,607
733,849
19,45
244,392
502,916
777,892
529,790
166,738
441,448
83,740
504,733
3,451
209,556
25,735
118,926
159,735
635,664
95,979
222,754
717,962
464,553
736,975
226,910
251,674
3,572
330,738
536,806
756,846
420,631
139,877
101,585
579,624
235,585
636,929
689,792
353,577
554,567
141,169
485,733
476,913
335,937
484,508
429,572
281,408
267,510
186,585
98,472
492,628
156,413
207,644
114,416
136,175
480,510
578,816
94,703
438,513
572,742
489,744
425,988
258,811
846,981
166,993
288,690
26,424
158,580
140,940
200,991
93,599
220,411
258,703
552,884
748,796
519,707
288,811
141,532
535,688
531,983
314,948
190,424
148,427
487,647
426,637
217,234
158,822
175,237
158,593
512,825
493,583
185,430
121,940
78,304
396,879
602,755
151,553
252,605
813,938
940,979
30,263
618,699
40,722
274,889
241,712
208,306
15,140
567,882
433,653
438,768
157,489
50,363
127,317
206,610
822,879
302,318
21,830
85,91
398,551
563,884
568,999
655,887
89,735
625,715
561,959
657,667
118,618
80,97
186,264
530,828
204,843
768,885
344,557
690,965
41,785
46,900
22,277
321,610
541,842
173,446
300,487
486,906
169,970
291,667
227,911
24,94
48,451
189,390
409,659
139,798
245,736
9,725
138,610
430,489
239,921
132,795
789,836
286,444
98,393
290,334
501,783
265,506
292,380
3,277
256,457
187,852
132,916
47,54
387,388
29,680
566,619
222,809
516,798
111,978
395,508
69,981
270,742
36,575
289,755
321,973
228,745
116,275
448,519
88,213
668,788
346,508
184,446
626,791
230,562
137,334
777,960
35,57
413,912
466,509
399,519
113,916
696,742
181,525
267,565
415,463
818,853
288,624
708,981
749,982
716,805
306,412
429,748
102,353
179,344
901,972
684,974
109,514
6,830
381,707
208,227
96,989
297,750
364,474
402,766
415,705
464,863
309,989
211,417
150,407
394,538
172,425
144,592
364,595
56,250
264,428
570,700
396,584
179,586
538,933
32,307
598,947
491,821
703,1000
21,643
618,633
494,826
292,877
488,523
383,995
672,869
218,433
567,587
116,651
264,549
575,936
492,938
362,828
458,536
241,767
158,769
366,947
418,585
165,893
239,842
506,957
706,759
35,554
356,609
516,598
103,200
461,662
359,651
400,423
248,783
201,708
113,595
51,683
393,649
121,190
560,826
665,842
90,382
125,834
70,898
323,324
395,429
309,426
345,837
1,44
386,609
252,794
393,541
85,388
178,616
35,796
203,380
590,789
172,801
507,791
639,947
28,793
592,606
311,327
775,956
164,802
632,907
95,968
38,434
7,855
337,501
120,732
851,951
120,503
625,904
432,738
366,384
8,447
75,208
434,555
819,891
332,507
763,959
372,845
193,348
344,746
60,987
830,905
61,165
11,573
305,791
631,961
890,892
436,456
78,748
823,902
95,163
482,572
721,854
58,510
523,869
242,856
135,464
467,974
286,633
24,404
191,746
210,759
191,517
41,987
600,685
545,749
125,163
70,227
145,815
112,867
131,880
148,295
98,703
673,934
277,705
409,861
235,937
656,967
7,292
339,765
163,576
190,413
181,593
396,518
186,708
401,633
387,698
165,585
151,192
142,638
579,639
290,765
12,757
609,747
103,121
807,991
77,886
545,991
705,980
727,739
278,647
383,929
61,649
589,805
506,770
41,182
230,872
786,824
51,375
1,783
44,187
412,583
651,865
164,252
573,945
339,778
688,932
168,896
364,542
56,426
336,709
126,899
36,188
528,650
560,868
753,768
54,996
252,486
197,550
54,767
95,768
71,182
273,545
359,585
166,190
212,306
602,757
280,706
26,560
268,322
185,553
405,822
285,905
467,653
21,832
389,999
458,604
134,709
442,596
669,787
175,252
438,891
188,191
4,370
625,946
193,269
243,386
430,478
643,1000
60,679
8,489
280,948
297,363
643,771
509,771
44,671
541,723
417,953
632,841
40,966
711,905
604,779
731,820
6,564
625,838
162,848
652,712
132,905
108,319
135,156
539,771
184,314
626,659
645,672
156,215
144,915
400,841
111,738
358,844
430,720
638,898
536,621
453,852
668,777
508,559
136,687
277,397
48,574
276,438
534,962
430,612
545,562
335,752
13,738
641,795
90,921
742,847
324,859
310,924
131,693
659,849
404,559
423,572
276,559
515,804
133,510
279,564
740,922
31,462
36,806
158,274
218,288
206,988
536,863
300,623
219,927
360,637
198,575
492,793
492,564
712,796
221,973
656,901
656,672
270,865
177,637
344,814
724,806
608,860
313,683
695,748
198,467
406,645
225,570
800,801
82,521
642,858
105,690
17,806
31,475
452,468
66,927
522,978
231,240
281,586
318,919
222,945
574,579
431,530
422,976
436,645
596,634
207,822
81,188
559,981
793,919
416,932
490,881
438,691
6,14
179,696
160,188
384,576
45,881
141,589
122,310
34,234
705,927
820,877
284,345
196,232
665,710
71,237
637,877
90,250
57,73
136,366
320,941
158,879
158,650
366,828
273,600
746,820
171,589
185,258
551,581
14,605
179,938
234,645
215,366
294,430
560,815
579,828
11,307
274,717
29,361
115,135
232,720
161,251
185,608
138,533
262,828
124,140
110,205
555,821
495,541
574,834
467,479
623,726
446,541
83,489
160,672
638,711
522,536
85,498
140,205
632,896
200,256
26,857
347,949
956,993
188,367
42,838
331,675
193,216
248,906
817,834
297,310
118,796
192,782
16,556
236,788
126,162
398,621
20,675
326,718
207,501
680,721
160,685
168,509
94,331
574,968
935,947
80,167
164,804
414,952
139,747
171,965
9,903
620,791
205,549
289,920
927,948
344,627
130,146
775,850
65,165
557,856
689,783
202,399
40,337
205,670
358,912
699,976
132,865
28,219
434,678
76,933
258,681
98,463
87,799
128,342
381,522
441,802
721,856
196,971
125,273
113,973
369,633
80,530
167,684
46,394
290,754
276,627
353,810
334,568
62,109
273,292
314,818
102,410
126,538
602,733
547,797
220,402
249,874
557,990
137,404
156,417
937,982
76,128
81,243
48,66
614,743
600,808
705,861
154,987
405,569
388,925
503,875
214,772
382,585
230,982
104,348
482,708
499,877
177,826
75,815
572,867
166,179
503,996
9,461
556,859
897,923
308,528
74,361
547,810
55,82
98,718
238,469
31,893
581,808
488,580
221,236
369,888
295,710
195,772
83,302
63,589
794,808
357,770
257,832
338,528
403,886
315,773
475,762
370,480
153,482
474,537
424,945
792,883
762,940
36,82
421,647
495,596
118,609
338,649
104,482
618,703
494,896
122,499
56,670
83,773
644,840
993,994
349,663
96,254
555,768
371,947
11,375
623,902
81,619
645,661
86,963
122,391
386,666
245,727
754,833
91,260
316,607
354,899
63,952
407,725
66,432
752,945
796,951
367,545
386,558
152,391
229,840
119,214
105,316
363,840
352,910
522,833
211,971
604,902
103,620
590,738
538,548
175,496
376,486
340,792
49,91
166,676
161,332
92,727
534,843
157,856
413,553
335,862
803,967
858,903
44,915
622,663
608,728
11,509
85,458
640,680
444,805
175,617
656,661
207,569
408,559
41,802
159,794
420,798
511,916
24,569
184,558
659,851
411,978
304,623
906,957
389,438
465,985
559,849
36,579
77,580
526,672
295,510
61,343
200,916
663,677
286,690
406,755
46,220
230,795
385,403
39,998
474,926
152,875
661,981
535,613
191,574
3,752
812,921
806,847
185,234
696,975
603,747
443,795
448,873
300,975
360,760
14,123
24,582
492,687
450,919
376,741
758,806
16,169
568,911
587,924
344,937
70,405
443,916
267,690
184,921
203,934
275,285
612,873
1,719
730,865
78,939
408,814
336,416
93,658
695,992
201,457
275,406
349,355
533,930
616,699
32,419
211,650
178,473
207,945
296,465
2,18
153,416
148,486
454,758
8,183
495,530
62,419
287,537
493,871
383,999
28,771
97,376
451,645
396,709
437,710
270,304
25,473
390,894
352,602
252,664
319,425
200,245
463,884
637,771
12,948
131,145
370,427
158,773
361,607
540,838
424,892
152,204
281,843
437,831
229,424
275,540
3,81
762,887
44,378
202,964
898,933
750,769
342,715
361,728
278,959
148,849
270,546
776,943
335,675
151,854
734,946
126,272
112,374
62,553
497,710
39,798
842,893
264,916
152,446
31,156
657,847
509,720
440,849
159,836
486,965
508,724
140,328
90,736
300,317
398,852
527,737
38,317
525,664
227,970
689,772
391,849
45,441
193,339
900,955
41,736
209,320
442,787
423,508
529,675
21,205
212,739
587,616
592,960
518,782
449,911
251,438
297,783
545,619
154,505
135,226
268,755
312,798
372,849
7,162
218,345
316,688
663,732
365,809
557,979
436,689
4,803
329,334
587,858
191,629
366,401
723,904
93,471
368,447
225,627
428,986
502,935
207,987
343,390
568,737
334,570
587,750
394,584
122,125
17,634
705,742
278,409
228,817
369,756
214,882
319,935
470,579
253,581
547,799
24,758
41,173
203,989
519,700
739,740
609,630
600,810
204,581
603,815
322,573
396,522
88,406
253,702
272,981
487,640
373,767
519,821
357,530
73,771
324,353
802,917
29,176
208,407
397,868
317,579
214,895
597,633
79,707
192,584
679,702
678,706
494,885
475,643
549,592
320,769
134,350
917,988
540,772
92,353
223,836
97,431
231,431
391,420
167,941
564,577
472,759
183,656
269,659
282,598
103,138
158,828
727,985
1,90
87,130
875,883
905,991
146,710
294,608
206,724
187,482
233,369
305,474
403,780
838,937
62,487
222,439
595,950
227,554
741,775
479,775
553,724
465,611
224,256
129,662
74,726
289,614
542,831
523,552
583,603
187,603
462,542
701,824
398,786
184,305
222,560
604,662
115,434
683,955
156,206
405,947
18,272
754,835
606,708
413,542
574,904
789,829
333,549
57,614
351,603
29,552
98,157
222,452
175,606
39,974
810,888
213,898
254,670
56,914
40,152
504,781
812,897
363,842
223,273
589,596
145,848
176,198
486,912
216,270
395,501
202,335
422,604
446,732
633,787
399,620
96,619
416,560
278,330
457,561
407,969
333,791
222,923
29,794
63,378
529,851
419,979
353,625
293,345
213,322
61,224
38,506
24,571
406,636
392,738
244,574
137,219
82,283
276,792
276,563
629,910
394,518
8,748
825,970
654,859
703,980
598,698
515,929
77,703
259,451
80,708
281,469
791,985
161,818
183,577
288,630
642,862
802,851
58,582
242,928
130,458
116,523
584,628
4,53
176,574
556,566
382,642
198,821
280,631
299,644
192,289
250,459
656,918
21,407
517,988
126,837
468,574
104,526
183,819
393,400
238,526
174,999
227,596
48,136
792,819
129,475
456,604
588,760
192,760
82,888
112,242
576,642
340,365
212,365
27,548
569,602
371,883
412,655
81,784
139,496
130,942
175,190
359,765
653,717
460,588
97,499
382,897
657,836
300,306
11,203
305,421
117,370
425,486
843,999
650,833
102,735
281,966
74,902
569,844
178,959
357,961
819,992
186,325
392,430
562,841
569,736
517,546
646,956
269,969
217,550
147,454
320,382
485,486
624,793
223,449
402,680
61,387
314,567
228,564
775,962
162,210
318,723
153,915
180,789
185,867
23,805
224,795
380,554
3,567
316,798
729,967
135,228
88,153
346,677
406,462
538,847
120,859
464,669
68,403
240,924
224,916
62,100
413,852
499,626
218,347
209,564
811,861
434,911
230,852
15,927
832,920
68,524
241,452
494,632
471,914
306,352
765,866
591,750
162,573
9,102
112,981
728,984
160,234
60,296
362,863
114,532
463,686
293,763
719,871
70,462
286,989
52,822
98,938
313,634
192,344
40,704
716,987
296,401
535,683
53,414
317,460
410,651
663,868
19,766
79,817
313,755
225,871
161,886
104,352
417,812
40,825
475,753
769,971
466,933
240,361
443,986
372,517
322,925
102,427
454,815
275,584
789,805
187,242
660,691
164,487
274,884
84,235
394,949
158,938
732,944
47,841
952,984
88,650
734,761
38,240
150,481
250,419
7,661
535,817
39,613
414,527
896,944
365,490
7,782
81,731
141,782
444,554
590,837
488,826
592,654
418,767
550,657
127,325
314,380
486,901
530,944
172,970
620,837
735,824
297,598
762,957
316,611
256,331
921,950
117,667
492,544
134,836
337,670
136,680
529,840
92,610
54,318
653,906
386,562
256,681
237,439
132,911
104,849
16,965
35,978
351,955
76,750
544,855
134,957
442,844
54,439
183,324
4,847
307,390
207,452
489,552
79,388
29,796
464,724
243,755
573,630
724,799
154,912
130,326
154,683
434,966
52,635
527,928
137,450
483,858
49,337
340,809
656,786
207,694
95,224
169,173
427,697
554,738
72,469
96,863
213,216
605,969
886,982
278,345
696,858
11,984
368,504
304,977
304,748
1,710
221,979
59,917
164,179
403,461
348,525
62,168
279,691
213,566
447,504
834,913
168,823
135,417
608,866
828,869
258,982
799,811
403,582
35,186
114,479
193,772
12,697
408,697
311,993
287,407
58,584
108,930
493,512
364,590
42,576
190,474
410,477
401,923
437,580
320,705
53,361
727,800
424,762
59,112
355,928
179,702
602,805
82,998
211,654
646,811
338,466
491,708
384,582
477,773
370,418
306,891
672,985
553,768
391,477
74,770
243,313
215,251
679,880
453,537
236,539
7,716
103,195
194,313
713,878
386,483
396,942
377,663
96,421
108,246
454,654
192,654
541,542
274,952
342,598
650,714
6,612
326,590
146,888
660,880
445,955
324,894
731,760
189,211
378,901
565,956
446,776
757,897
22,448
46,842
434,658
93,99
134,891
277,445
650,956
631,714
326,832
634,719
307,324
284,835
91,440
215,735
96,555
803,905
462,612
16,791
76,805
307,674
754,905
418,956
191,499
707,793
110,574
3,448
283,502
608,787
30,810
849,913
313,610
310,864
370,915
299,446
87,792
395,679
4,794
284,848
523,864
259,266
443,841
761,921
310,985
84,679
684,903
82,340
238,328
455,851
174,572
494,513
922,960
58,397
70,222
383,682
278,400
209,795
126,531
299,688
406,585
170,574
385,462
63,448
257,462
70,343
94,700
591,752
56,179
167,690
649,693
41,56
459,569
538,862
128,698
260,588
394,817
141,408
223,706
135,593
792,863
327,763
588,804
156,881
445,755
458,465
274,644
103,237
306,596
77,773
419,473
850,925
3,6
674,699
206,365
255,752
783,871
466,706
218,833
452,771
336,825
317,583
98,953
808,820
178,653
25,182
81,491
306,838
414,637
268,317
58,773
366,889
4,473
78,422
419,486
157,715
107,894
46,884
910,989
951,990
748,927
868,992
154,188
338,763
319,484
269,892
613,702
305,357
585,640
411,487
235,261
498,900
358,597
19,902
160,841
58,76
486,782
384,771
282,723
650,890
218,967
240,497
308,897
690,962
146,835
473,964
94,150
200,546
766,957
323,387
307,379
207,441
441,608
138,607
27,739
237,320
233,844
388,489
370,849
731,828
483,726
235,395
18,626
276,433
548,855
58,439
399,503
8,618
550,672
522,839
319,739
453,968
847,895
833,960
253,385
327,334
103,855
318,780
547,603
63,261
156,452
92,733
400,849
708,965
821,842
141,329
260,280
289,981
259,321
517,845
42,323
168,462
61,336
131,809
98,403
356,927
170,508
626,788
502,981
579,676
230,788
670,794
188,562
334,616
408,565
513,847
633,912
614,670
471,850
853,915
471,621
168,812
402,750
11,865
608,855
52,637
217,970
19,460
74,167
103,868
271,681
178,224
760,845
306,409
264,412
33,516
556,557
365,989
308,455
198,812
151,471
225,457
445,460
81,412
72,363
383,979
37,342
168,825
56,355
226,278
369,815
66,814
47,535
186,879
468,565
24,817
65,589
389,915
21,519
31,941
716,815
29,114
595,754
204,869
605,984
92,170
135,769
148,708
60,595
454,751
445,702
885,974
563,923
58,936
328,531
326,458
460,687
105,230
281,715
795,936
332,946
316,413
228,300
68,836
141,826
444,598
623,829
70,882
512,998
331,657
267,938
377,544
514,815
154,243
183,944
711,834
246,1000
318,351
631,811
337,364
394,898
447,761
180,646
581,990
194,315
446,536
451,880
210,259
297,413
118,670
66,251
140,200
398,724
613,649
585,816
893,932
296,713
254,716
59,248
798,816
41,608
388,423
30,449
112,488
783,952
342,721
156,265
188,483
59,598
386,498
298,385
872,886
80,391
486,850
214,391
107,265
819,996
24,496
392,434
15,447
37,960
111,909
312,899
212,732
397,485
297,547
70,90
522,894
269,973
117,845
43,630
165,327
497,837
939,953
68,394
837,905
656,830
326,955
749,792
642,666
160,922
316,910
522,786
295,329
222,982
626,843
299,448
10,345
249,627
312,912
633,967
70,332
283,625
228,689
355,730
536,805
462,856
930,961
640,862
32,225
68,407
114,294
513,794
494,515
366,744
366,515
383,684
591,862
283,746
448,813
916,918
459,679
505,795
104,222
235,705
785,849
269,289
568,851
34,392
158,687
339,762
72,418
691,921
135,474
138,220
575,746
690,696
148,413
542,569
230,977
285,647
323,939
211,469
679,803
546,688
362,867
348,703
716,870
301,628
208,400
26,423
394,590
3,934
237,872
452,760
317,572
98,942
506,767
665,760
176,983
498,768
47,832
112,998
390,942
68,891
491,994
250,639
238,585
618,806
269,652
15,247
218,835
567,989
713,814
644,714
243,370
41,650
27,486
151,552
11,249
95,886
73,80
639,757
14,668
745,887
528,889
426,878
159,534
238,827
453,486
403,894
664,935
590,720
323,376
409,416
502,607
68,86
653,776
372,763
386,432
93,853
195,312
305,709
508,543
431,848
10,37
870,895
460,997
460,768
680,1000
143,795
45,260
229,835
509,889
638,774
643,889
613,946
319,499
525,833
659,833
184,311
46,81
777,825
782,903
147,392
188,430
207,443
100,317
96,841
578,844
163,602
104,961
30,746
668,774
673,852
346,494
222,687
442,956
20,967
87,728
156,333
648,795
381,451
620,733
482,503
344,798
578,736
302,801
190,331
622,779
200,790
126,346
506,567
122,870
156,454
178,213
615,739
735,841
246,384
12,217
27,983
130,438
44,923
481,924
589,723
599,916
621,675
24,456
10,521
161,919
610,782
343,438
408,796
427,809
251,849
141,223
605,852
75,623
223,521
608,857
374,690
102,231
281,462
635,731
198,693
566,860
206,288
371,621
679,737
739,788
510,965
188,685
482,866
394,753
91,981
259,565
350,454
157,288
621,917
767,971
115,816
38,44
45,986
62,401
45,757
103,173
811,933
767,863
500,748
612,989
192,403
524,876
665,815
463,637
62,293
466,871
433,694
466,642
240,299
111,414
28,645
9,403
547,981
560,691
66,119
549,761
438,930
119,130
704,820
36,361
583,759
514,925
242,466
81,548
260,779
562,592
363,877
126,964
432,482
333,476
202,959
453,541
664,761
442,648
750,764
452,841
634,818
278,954
490,544
569,837
379,713
164,788
360,434
631,705
232,959
488,885
414,936
502,554
161,261
243,788
297,307
75,194
168,385
508,719
761,899
527,732
164,680
548,791
501,716
119,385
55,629
605,773
481,737
214,622
102,152
145,788
286,498
318,716
736,963
101,452
400,785
702,827
485,829
380,547
270,675
330,726
228,678
173,742
167,439
599,850
712,727
371,434
137,267
109,434
515,856
688,784
485,721
80,635
162,445
714,958
712,848
323,807
309,909
133,912
312,914
86,342
163,791
416,971
3,573
572,730
350,388
429,681
157,222
162,566
52,694
291,976
310,989
640,864
681,902
84,683
786,918
582,630
81,119
559,912
273,289
443,966
355,853
66,750
200,979
55,66
445,517
307,812
279,979
353,928
480,740
210,879
177,702
6,66
80,769
809,915
308,404
187,343
189,941
357,754
486,639
87,930
885,910
207,995
269,412
117,284
595,811
347,746
130,748
457,877
572,864
663,982
55,308
473,592
467,518
21,697
766,814
164,251
141,762
17,992
342,523
521,754
419,477
284,518
231,426
243,480
248,595
643,865
3,10
252,714
11,130
269,654
86,947
29,413
461,824
576,811
103,133
56,775
419,598
570,767
284,410
93,842
561,947
275,590
896,937
32,603
197,899
646,762
472,875
453,596
126,201
272,292
72,904
829,883
180,474
639,988
713,937
372,644
212,426
262,772
253,952
368,939
311,368
476,701
803,830
440,778
173,663
467,652
76,730
272,413
444,897
76,501
337,542
810,991
204,952
648,663
548,725
97,789
534,827
256,324
61,85
200,658
112,545
439,711
48,789
571,601
488,832
754,951
279,429
124,555
559,712
168,561
495,727
715,959
462,550
195,206
230,658
538,545
142,545
548,967
837,841
59,547
128,152
515,561
155,255
224,614
191,437
564,948
158,260
504,668
476,835
22,399
321,961
388,722
116,263
190,212
295,494
104,963
398,915
286,445
327,446
544,969
32,40
39,982
92,845
298,913
331,861
256,687
316,738
286,566
580,784
203,797
566,620
478,507
307,625
381,574
807,911
399,628
397,784
584,610
522,964
508,800
902,956
962,970
146,155
123,400
463,734
224,977
158,623
172,292
306,521
9,271
135,410
84,859
285,583
11,51
100,803
255,448
549,629
208,336
414,441
383,862
176,569
143,355
561,868
8,167
343,682
381,937
329,747
26,480
494,585
227,470
688,865
115,939
54,929
338,459
86,881
141,588
122,309
639,801
220,588
679,873
577,825
558,583
141,709
221,409
188,232
400,411
226,524
418,694
14,604
93,897
509,583
13,416
99,419
159,699
379,473
852,922
764,809
218,784
204,886
212,710
468,932
385,897
186,428
580,584
525,648
258,304
571,764
20,661
611,836
41,720
344,492
330,594
316,659
160,671
674,892
407,777
295,307
398,957
184,476
475,948
731,874
304,541
189,325
414,938
460,825
367,597
102,851
699,841
12,140
528,959
421,833
228,667
522,656
52,441
645,726
461,905
125,956
156,269
68,156
40,323
358,898
881,939
275,900
127,736
32,913
429,549
30,803
448,562
398,970
43,742
134,897
137,377
290,619
326,838
69,916
191,384
61,503
622,836
464,893
115,510
371,436
285,396
408,732
241,326
705,726
204,444
278,393
76,932
117,970
368,552
487,503
43,755
814,898
68,519
147,583
293,637
273,399
66,860
121,567
102,288
52,696
506,866
93,468
681,904
588,676
244,866
29,978
25,41
343,616
339,874
194,227
171,509
107,753
83,167
336,347
143,181
621,974
373,643
304,809
357,635
706,789
436,928
40,699
444,523
77,995
309,335
39,474
139,183
452,643
28,581
294,471
459,804
288,922
357,527
54,755
885,912
394,823
683,697
479,638
584,691
281,882
556,858
542,694
51,605
266,530
296,409
667,810
493,923
37,414
479,759
157,708
501,518
50,353
358,469
146,586
693,984
151,664
145,361
563,874
364,893
73,192
135,841
451,818
646,764
238,710
203,423
29,307
72,906
502,719
199,718
455,644
166,541
422,467
565,775
606,813
14,901
69,608
349,891
68,908
286,313
852,990
84,364
48,670
442,826
189,380
20,608
78,549
100,308
261,899
256,326
500,952
324,955
351,829
153,844
464,706
502,961
82,375
782,786
97,912
119,442
77,445
182,498
256,447
223,270
219,794
313,429
48,912
79,262
538,776
65,98
450,663
1,571
656,768
515,563
353,730
573,733
53,209
397,773
471,722
289,745
228,735
145,737
47,165
263,729
385,389
538,668
598,682
101,401
403,443
157,976
793,894
177,625
600,728
624,856
677,719
608,848
392,735
134,965
334,730
292,733
163,848
283,913
204,391
69,166
487,679
404,910
146,157
276,910
288,735
744,749
210,815
366,803
204,741
130,563
402,985
572,908
658,682
121,743
9,273
258,977
308,340
579,803
159,217
510,969
193,996
20,58
704,919
382,639
607,757
563,916
310,470
716,929
802,969
29,228
488,513
834,921
327,824
509,572
146,520
354,698
132,585
51,660
238,752
596,985
843,862
158,759
586,940
226,634
162,878
503,942
330,462
509,693
748,975
32,768
8,182
51,781
646,927
338,811
123,657
558,814
706,749
747,750
461,652
488,526
658,937
718,988
415,950
523,712
335,661
280,762
899,999
11,308
145,537
52,80
549,886
507,889
493,991
130,939
312,650
231,725
924,948
215,488
151,961
385,899
522,645
66,365
453,545
346,419
112,252
544,663
678,892
731,755
447,996
488,997
6,499
224,658
294,902
660,996
85,499
439,997
2,730
310,617
409,825
791,890
870,954
400,776
345,840
23,789
193,446
14,969
265,551
55,741
578,782
638,833
204,312
121,314
527,736
492,715
733,841
10,446
436,554
37,845
114,274
50,784
900,954
215,851
944,997
187,789
641,959
74,94
63,201
455,725
69,918
554,667
399,793
793,949
867,898
564,897
27,921
52,456
709,726
492,728
263,905
268,983
684,898
138,910
347,495
300,908
603,680
267,731
234,325
239,403
698,954
211,570
675,970
274,626
155,446
62,218
475,616
264,352
28,341
71,977
676,791
681,906
103,929
464,908
104,336
35,465
255,734
224,926
153,228
125,395
396,629
382,694
253,580
555,622
187,226
574,635
519,699
491,866
380,806
256,999
70,580
586,874
424,812
575,981
336,470
289,358
332,994
509,627
753,758
188,986
305,339
71,172
436,822
301,634
120,293
180,344
947,974
410,769
421,635
239,658
674,815
940,971
766,818
7,766
530,807
447,809
306,833
87,237
773,979
97,430
33,940
36,420
327,892
13,702
844,859
753,1000
486,656
618,812
7,658
507,944
56,779
842,934
234,822
330,759
578,595
624,711
393,586
57,371
81,728
898,987
356,667
191,307
454,946
261,551
116,133
11,376
319,492
134,941
198,202
717,767
180,828
240,613
386,667
372,769
666,950
377,847
110,503
622,880
32,849
429,485
687,780
525,947
673,845
678,960
328,847
488,836
400,952
474,901
152,850
362,431
708,839
881,996
243,739
50,610
619,730
415,442
146,254
362,552
890,937
749,961
587,899
141,324
41,911
27,976
3,390
619,622
476,839
911,996
784,955
200,904
396,550
71,790
68,455
92,849
436,622
68,226
417,609
35,49
568,778
301,434
443,783
118,986
603,735
520,966
635,953
126,581
112,683
888,904
538,791
271,447
59,793
90,106
76,171
587,912
513,963
77,810
182,863
292,506
297,850
199,278
66,917
294,515
41,106
206,402
459,619
483,976
665,687
119,928
568,791
554,856
125,450
691,861
97,122
69,289
786,869
25,219
333,335
524,869
431,641
651,681
306,646
223,877
107,931
243,297
630,743
468,681
280,859
13,286
439,623
136,585
623,703
683,754
58,931
295,874
405,517
162,759
284,456
322,748
308,813
251,279
352,590
343,807
348,885
549,875
175,405
342,582
1,23
658,818
410,945
372,461
129,703
55,488
344,362
8,413
151,721
25,353
252,773
68,952
329,993
618,867
217,523
530,754
153,767
337,359
557,591
175,297
152,542
14,837
518,636
418,698
191,241
308,826
239,955
173,601
159,703
85,259
167,298
692,937
203,251
34,708
273,953
240,547
675,704
55,501
715,776
355,470
238,888
164,673
217,765
599,601
103,663
282,894
342,945
796,886
23,899
529,542
73,262
23,670
465,786
652,878
311,548
113,829
641,948
233,894
164,794
112,375
893,940
552,610
10,327
189,329
39,799
782,843
147,332
279,488
45,321
251,426
330,719
430,657
467,953
200,838
949,956
608,663
709,715
313,486
43,625
165,322
805,948
230,488
180,896
114,276
532,789
125,142
512,551
140,679
827,828
717,956
832,906
615,908
615,679
207,625
515,741
422,550
573,682
297,784
130,378
75,442
383,558
517,787
135,456
283,620
154,735
145,915
434,789
181,343
365,918
404,846
105,964
821,905
342,382
242,969
111,220
314,808
14,287
478,916
337,977
175,915
384,500
463,564
17,972
12,628
131,993
220,284
321,336
445,631
202,873
238,567
417,798
269,405
664,675
394,814
72,534
158,574
273,524
667,680
302,996
773,847
152,234
126,999
630,798
179,633
473,814
426,510
439,449
38,105
458,462
193,945
403,755
623,758
12,641
72,655
719,991
59,164
410,650
570,639
253,703
910,973
156,999
173,414
352,645
123,822
711,763
356,535
516,524
801,922
259,639
584,924
234,811
344,417
41,416
209,229
546,817
379,411
81,717
370,591
511,530
226,812
630,932
528,884
3,16
808,938
310,661
659,815
544,599
309,702
240,602
92,475
307,363
532,710
86,135
55,556
509,763
583,712
8,481
104,943
434,589
305,704
428,774
18,381
353,600
289,615
421,1000
8,602
333,658
10,382
279,543
158,253
724,893
182,610
11,728
214,562
401,654
439,946
19,323
249,785
404,430
610,764
54,546
648,790
422,484
21,140
45,497
339,449
416,669
132,910
99,962
302,567
107,557
222,803
122,865
483,844
78,795
702,888
36,798
591,791
272,782
38,615
258,847
313,554
511,798
122,986
483,965
772,839
832,853
18,865
482,511
246,500
55,932
218,401
264,517
295,621
121,734
126,812
415,686
346,852
60,229
582,799
427,925
241,506
12,683
251,965
34,213
92,154
228,981
314,984
209,739
140,868
220,339
170,747
519,635
216,863
885,958
558,563
21,624
274,804
339,933
91,868
232,578
746,799
429,863
468,791
327,586
46,573
192,627
99,170
651,912
288,860
18,999
339,825
3,876
75,981
452,702
56,473
107,704
253,987
160,530
454,519
794,853
725,982
307,994
155,866
86,766
447,745
15,68
474,582
298,356
373,944
421,463
209,284
285,831
305,517
136,708
678,762
769,917
595,993
479,818
470,998
187,417
49,941
338,815
107,128
632,767
819,859
222,374
557,593
340,595
455,582
534,875
345,710
70,771
451,877
979,996
36,369
220,944
3,192
440,947
417,1000
16,656
90,605
577,952
766,888
452,957
1,267
601,757
842,883
330,708
256,493
108,366
536,547
300,536
238,890
250,944
678,896
184,361
617,886
156,262
290,491
837,889
694,840
680,942
105,711
657,958
416,603
311,321
402,668
168,501
440,960
233,896
319,670
511,840
244,267
63,192
312,896
100,259
154,724
167,663
888,948
79,321
404,606
221,899
147,684
4,901
881,945
485,716
707,792
108,729
89,450
295,555
681,776
