person_id,post_id
654,1
412,1
175,1
666,1
583,2
798,2
391,2
978,2
647,4
278,4
509,4
587,4
819,4
955,5
726,5
89,5
764,5
4,5
143,6
678,6
819,6
650,6
649,6
945,6
960,7
970,7
649,7
361,7
565,9
643,9
467,9
51,9
32,10
48,10
984,10
661,11
677,11
573,13
348,13
631,13
506,13
196,14
570,14
475,14
962,15
126,15
303,16
343,16
191,16
923,16
735,16
831,17
46,17
340,17
694,17
525,17
24,18
724,18
953,18
151,18
936,18
647,18
971,19
390,20
45,20
295,20
566,21
30,21
178,21
269,22
14,22
429,22
802,22
489,24
270,24
462,25
978,25
824,25
409,25
710,25
43,26
736,26
594,26
24,26
264,26
892,26
86,26
650,26
515,26
996,27
747,27
599,27
987,28
705,29
266,29
210,29
338,30
643,30
862,30
363,30
442,30
825,30
138,30
226,30
528,31
573,31
504,31
544,31
746,32
902,33
391,33
356,33
629,35
639,35
850,35
244,35
76,35
211,35
427,37
663,37
132,37
907,37
950,37
142,37
864,37
101,39
570,40
392,40
10,40
945,40
287,40
682,42
772,43
458,43
925,43
904,43
220,44
522,44
18,44
213,44
338,44
125,44
779,45
739,45
748,45
263,45
878,45
784,46
331,46
748,46
252,46
574,46
173,46
974,47
736,47
584,47
729,48
772,48
125,48
266,49
471,49
829,49
577,49
239,50
316,50
452,50
368,52
904,52
96,52
981,52
754,52
419,53
486,53
221,53
655,53
58,53
227,54
130,54
674,54
748,54
404,55
506,55
886,56
523,56
778,56
530,56
414,56
835,56
642,57
542,57
767,57
789,57
390,59
706,59
677,59
153,59
608,59
680,60
962,60
679,60
548,60
191,60
894,61
908,61
735,62
550,62
923,62
2,62
779,62
783,62
114,63
540,63
224,63
158,63
252,63
383,63
215,63
527,64
352,64
438,64
549,64
745,64
306,64
698,64
965,64
852,65
433,65
497,65
929,65
420,65
626,66
972,66
409,67
286,67
492,68
997,68
276,69
752,69
288,69
589,69
334,69
851,69
82,70
237,70
366,71
652,71
206,71
919,72
353,72
701,72
807,72
727,72
338,73
615,73
644,73
163,73
946,73
282,74
551,75
726,75
469,75
703,76
66,76
723,76
652,76
299,77
995,77
540,77
951,79
161,79
439,79
455,79
331,79
779,79
121,80
809,80
632,80
634,80
505,80
435,80
264,81
343,81
230,81
275,81
628,81
417,81
786,82
367,82
798,83
657,83
447,83
319,83
909,83
543,84
614,84
438,84
244,84
958,84
740,85
9,85
936,85
829,85
52,85
755,86
517,86
838,87
189,87
63,87
197,88
858,88
39,88
88,88
777,88
755,89
336,89
159,90
177,91
945,91
288,92
778,92
555,92
811,93
763,93
221,93
313,93
791,93
391,94
421,94
567,94
50,95
582,95
447,96
671,97
824,98
649,98
282,100
9,100
813,100
209,100
202,100
932,100
308,100
875,102
342,102
892,102
225,103
450,103
766,103
540,104
409,104
410,104
765,104
498,105
107,105
951,105
355,105
335,105
268,105
280,105
251,106
600,106
158,106
914,107
403,107
42,107
630,107
274,108
954,108
766,108
845,108
413,108
649,109
718,109
645,110
341,110
768,110
212,110
405,111
948,111
714,111
874,111
65,112
110,112
614,112
708,112
157,113
358,114
419,114
456,114
158,116
823,116
514,116
88,118
901,118
903,118
973,119
366,119
994,119
329,119
665,120
859,120
673,120
21,122
690,122
510,122
465,122
349,123
896,123
328,123
563,123
143,123
187,124
427,124
267,124
223,124
966,125
622,125
380,125
408,125
296,126
767,127
405,127
3,127
457,127
23,129
852,129
683,130
801,130
916,131
577,131
714,131
584,131
67,132
468,132
495,132
384,132
380,132
71,132
157,133
587,133
99,134
813,134
315,134
619,135
800,135
103,136
440,136
940,136
283,136
635,137
555,137
183,137
533,137
778,137
800,138
660,138
345,138
679,139
585,139
445,140
359,141
389,141
799,141
327,141
20,142
371,142
334,142
311,143
743,143
628,143
216,144
654,144
856,144
314,145
228,145
785,145
443,145
550,145
483,145
674,145
421,146
820,146
578,147
179,147
974,147
145,147
273,148
787,148
628,148
415,150
970,150
973,150
711,150
247,151
306,151
886,151
608,152
475,152
478,152
128,152
53,152
680,153
49,153
113,153
127,153
474,154
466,154
880,154
235,154
785,154
295,154
630,155
985,155
270,155
916,156
676,156
269,156
711,156
550,157
496,157
137,157
178,157
986,158
513,158
345,159
411,159
261,159
107,159
229,159
749,160
650,160
500,161
317,161
98,161
403,161
547,161
337,161
220,162
635,162
682,162
322,162
156,162
244,163
882,163
382,164
358,164
566,164
19,164
855,164
794,165
691,165
768,165
597,165
805,165
765,166
613,166
309,166
853,166
500,166
371,167
951,167
514,167
46,168
160,168
807,168
920,168
932,168
544,169
792,169
931,169
269,169
644,169
421,170
172,171
671,172
806,172
986,172
654,172
310,173
455,173
2,173
308,173
19,173
477,173
105,173
1000,174
456,174
649,174
734,175
99,175
261,175
748,175
505,175
686,175
605,175
841,177
711,177
252,177
998,177
731,178
328,178
586,178
349,179
43,179
531,179
730,179
222,179
512,179
785,180
413,180
38,180
126,180
473,180
27,181
196,181
624,181
80,182
472,182
357,182
631,182
695,183
32,183
675,183
449,184
768,184
37,184
963,184
393,184
472,185
589,186
35,187
501,187
183,188
967,189
542,189
321,189
926,190
721,190
160,190
113,191
768,191
818,191
374,191
681,193
563,193
435,194
456,194
412,194
694,194
810,196
439,196
499,196
246,196
377,197
901,197
690,197
815,197
365,197
721,197
540,197
609,197
418,197
47,197
501,197
547,198
552,198
220,198
277,198
798,199
88,199
991,199
219,199
110,200
772,200
199,200
627,200
8,201
77,201
279,201
195,201
49,201
318,203
999,204
630,204
233,204
443,204
415,204
872,205
689,205
946,205
231,205
322,205
492,205
424,206
453,206
788,206
712,208
275,208
533,208
987,208
23,209
201,209
721,209
684,210
12,210
681,210
53,210
234,212
824,212
373,212
793,212
644,212
448,212
864,213
374,213
845,214
26,214
526,215
179,215
998,215
686,216
426,216
243,216
919,216
747,217
483,217
725,218
798,218
820,218
70,218
145,218
536,220
400,220
440,220
962,220
598,220
107,220
91,220
830,221
201,222
816,222
822,222
171,222
78,223
271,223
642,223
674,223
825,224
387,224
85,224
946,224
111,224
600,224
501,225
809,225
658,225
560,225
582,225
826,225
151,225
886,226
314,226
404,226
777,226
327,226
463,226
280,228
387,228
937,228
382,228
717,228
220,228
186,229
384,229
703,229
947,230
79,230
113,230
534,230
100,231
817,231
871,232
783,232
927,232
713,232
351,233
461,234
193,234
524,234
990,234
19,234
704,235
347,235
148,235
60,235
212,235
553,236
103,237
707,237
608,237
740,238
440,238
526,238
309,238
800,239
103,239
550,239
798,239
920,239
287,239
883,239
392,240
687,240
138,240
170,241
29,241
969,241
77,241
204,242
249,242
332,242
274,243
999,243
62,243
921,243
100,243
114,243
213,244
934,244
399,244
12,244
201,245
2,245
521,245
494,245
900,245
480,246
930,246
495,246
48,246
432,248
678,248
681,248
495,249
446,249
112,249
477,250
387,250
148,250
759,250
619,250
383,251
3,251
495,251
859,252
68,253
652,253
427,253
190,253
982,253
289,254
559,254
537,254
866,254
529,255
405,255
575,255
51,255
400,256
834,256
589,256
228,257
46,257
232,257
397,258
866,258
305,258
671,258
337,258
815,258
411,259
263,259
112,260
603,260
628,261
86,261
928,262
702,262
771,263
237,263
624,263
699,263
21,263
816,265
817,265
583,265
34,265
989,265
579,265
661,266
16,266
235,266
678,268
118,268
723,268
985,269
611,269
462,269
700,269
55,269
885,270
383,270
573,270
588,270
103,271
193,271
407,271
558,271
978,272
12,272
474,272
284,272
180,272
121,273
984,273
341,273
945,273
253,273
923,274
408,274
747,274
142,274
800,274
896,275
350,275
976,275
176,275
179,276
116,276
434,276
586,277
753,277
952,277
775,277
467,278
376,278
812,278
283,278
527,278
11,278
145,278
886,279
864,279
951,279
618,279
377,280
559,280
237,280
775,280
516,281
848,281
306,281
197,281
699,281
860,281
637,281
371,282
460,282
246,282
907,283
823,283
335,283
347,284
941,284
260,284
387,284
588,284
223,285
791,285
27,286
898,286
167,286
753,287
84,287
784,288
91,288
155,289
933,289
557,289
251,289
194,289
89,289
586,289
339,289
597,291
724,291
494,291
580,291
593,291
13,291
955,291
884,292
618,292
465,292
103,292
505,293
952,293
84,293
878,293
498,293
717,293
28,293
513,294
463,294
930,294
59,294
915,295
587,295
311,295
76,295
133,295
392,296
5,296
338,296
96,297
987,297
402,297
260,297
554,297
829,297
238,297
780,297
329,298
214,298
245,299
459,299
775,300
571,300
465,301
783,301
853,301
414,301
469,301
879,302
63,303
10,303
398,303
287,303
978,304
672,304
864,304
732,304
954,305
602,305
819,305
734,305
466,305
239,306
863,306
82,307
243,308
46,308
234,309
232,309
431,310
767,310
849,310
740,310
743,310
463,311
342,311
935,311
774,311
512,311
918,311
349,312
799,312
1,312
310,312
556,312
288,312
919,312
547,312
880,312
45,312
601,313
311,313
718,313
822,314
223,314
864,314
120,314
555,314
95,315
353,315
866,316
297,317
167,317
496,317
53,317
466,317
609,317
962,318
369,318
838,318
594,318
736,319
424,320
852,320
121,320
108,320
111,320
53,320
496,321
402,322
315,322
903,322
461,322
371,322
297,322
690,323
762,323
360,323
525,324
579,324
810,325
467,325
156,325
171,325
397,325
520,326
346,326
275,326
966,327
697,327
11,328
624,328
520,328
265,328
980,328
702,329
390,329
542,329
879,329
864,330
445,330
389,331
741,331
605,331
747,331
612,331
666,332
736,332
884,332
418,332
70,332
224,333
532,333
136,333
954,333
420,333
801,333
562,333
883,334
454,335
905,335
452,335
912,335
480,336
42,337
776,337
670,337
211,337
417,339
148,339
604,340
189,340
901,341
764,341
828,341
778,341
945,341
88,342
57,343
970,343
449,343
778,343
245,343
568,344
612,344
430,344
177,344
192,344
677,345
813,345
34,345
669,347
939,347
172,347
295,347
207,347
168,347
795,348
248,348
54,348
807,348
147,349
221,349
632,349
604,349
952,349
236,349
259,349
411,350
834,350
726,350
911,351
29,351
855,351
869,351
998,352
265,352
725,352
233,352
697,352
940,353
3,353
409,353
196,354
350,355
449,355
798,356
144,356
614,357
313,357
93,357
494,358
733,358
855,358
50,358
34,358
805,359
392,359
883,359
963,359
272,359
570,360
345,360
295,360
545,361
491,361
799,361
970,361
349,361
252,361
110,361
120,361
784,362
819,362
533,362
803,362
11,362
263,362
171,363
371,363
359,363
543,364
822,364
7,364
332,364
254,364
998,364
455,364
421,364
779,365
310,365
994,365
31,366
492,366
571,366
881,366
995,366
975,367
435,367
564,367
543,367
653,367
29,368
696,368
185,368
44,368
235,368
740,368
605,369
974,369
134,369
77,370
940,370
493,370
36,370
924,371
921,371
96,371
637,371
993,371
411,372
988,372
425,372
945,373
214,373
678,374
135,374
553,374
831,374
484,374
580,374
538,374
796,375
496,375
509,376
208,376
847,376
817,376
717,376
79,376
258,377
821,377
162,377
825,377
318,377
582,377
371,377
838,378
116,378
486,378
938,378
683,379
592,379
438,380
9,380
241,381
200,381
779,381
188,381
555,381
5,382
20,382
332,382
81,383
719,383
43,383
347,384
702,384
82,384
154,384
962,384
22,385
698,385
164,385
749,385
721,385
672,385
909,386
501,386
370,386
305,386
376,387
970,387
279,387
511,388
635,388
141,388
675,388
886,388
713,389
70,389
57,389
890,389
135,390
896,390
478,390
328,390
666,390
758,391
19,391
416,392
698,392
697,392
585,392
459,393
259,393
236,394
889,394
739,394
408,395
57,395
493,395
548,395
931,395
786,395
350,395
962,396
825,396
194,396
207,397
14,397
587,397
991,397
382,397
520,397
244,398
706,398
569,398
222,398
408,398
548,399
725,399
660,399
91,400
886,400
266,400
344,400
457,401
609,401
158,401
235,401
275,402
760,402
680,402
545,402
351,402
513,403
721,403
103,403
636,403
650,403
46,404
740,404
110,404
580,405
443,405
509,405
624,405
686,406
136,406
29,406
633,406
133,406
359,406
76,406
586,406
134,406
48,407
123,407
869,407
739,408
362,409
130,409
244,409
579,410
461,410
862,410
4,410
852,411
276,411
590,411
663,411
872,411
349,412
518,412
166,412
608,412
932,413
106,413
352,413
549,413
988,413
961,413
331,414
831,414
128,415
80,415
619,416
662,416
455,417
86,417
290,417
616,417
807,418
478,418
343,418
851,418
959,419
471,419
310,419
713,419
987,420
318,420
937,420
188,420
307,420
575,420
831,420
479,420
163,422
395,422
134,422
355,422
616,422
82,423
710,424
72,425
183,425
308,425
992,426
461,428
242,428
778,428
947,428
662,429
492,431
176,431
904,431
770,431
265,431
203,432
645,432
905,432
351,433
881,433
312,433
638,433
919,433
474,433
998,434
888,434
386,435
371,435
488,435
771,436
729,436
872,436
315,436
229,436
916,436
531,436
888,437
693,437
664,437
45,437
855,437
161,437
782,438
826,438
232,439
277,439
657,440
304,440
129,440
301,440
483,440
596,440
885,441
429,441
739,442
52,442
582,442
294,442
10,442
616,442
68,443
430,443
716,443
426,444
131,444
295,444
901,445
172,445
416,445
392,445
712,445
142,446
129,446
375,446
268,446
227,449
55,450
610,451
779,451
87,451
736,451
981,451
998,452
61,452
935,452
103,453
696,453
341,453
152,453
478,453
248,453
112,453
472,454
189,454
840,454
187,454
406,455
319,455
934,455
888,456
337,456
432,456
586,456
993,456
807,456
14,457
900,457
12,457
650,457
941,458
626,458
817,458
229,458
223,458
338,459
626,459
541,459
755,459
168,460
162,460
590,460
552,461
653,461
249,461
855,461
813,461
986,461
780,461
428,462
701,462
426,463
934,463
817,464
957,464
884,466
610,466
21,466
809,466
173,466
171,467
442,467
788,467
935,467
747,468
799,468
242,468
413,468
333,469
11,469
44,469
737,469
208,469
589,470
39,470
721,470
995,470
652,470
57,471
443,471
308,471
863,471
465,471
417,471
320,472
309,472
150,472
463,472
516,472
501,472
256,472
863,473
756,473
723,473
333,473
326,473
732,474
944,474
291,474
181,475
657,475
255,475
128,475
411,475
635,475
505,475
614,475
63,476
753,476
444,476
454,476
974,476
373,477
831,477
884,477
275,477
969,477
585,477
979,478
237,478
701,478
589,478
410,479
602,479
20,479
284,479
328,479
688,480
605,480
886,480
188,480
811,480
706,481
572,482
711,482
228,483
343,483
468,483
203,483
255,483
101,484
914,484
227,484
253,484
21,484
349,486
255,486
645,486
920,486
859,486
696,487
214,487
52,487
318,488
104,488
866,488
184,488
157,489
301,489
777,489
488,489
956,489
552,490
384,490
196,490
732,491
839,491
470,491
162,491
57,491
248,491
938,492
75,492
410,492
50,492
129,493
255,493
842,493
136,493
500,494
726,494
92,495
375,495
970,495
366,495
333,495
548,495
880,495
979,497
990,497
274,497
650,497
156,498
917,498
664,498
838,498
704,499
692,499
307,499
73,500
81,500
608,500
636,500
161,500
381,501
833,501
382,501
239,502
523,502
821,502
833,502
37,503
964,503
498,503
94,504
865,504
256,504
843,504
751,505
998,505
908,505
733,506
761,506
229,506
747,507
706,507
318,507
626,507
998,508
71,508
632,508
731,508
896,508
482,508
113,508
342,508
709,509
510,509
509,510
973,510
125,510
916,510
955,510
402,511
443,511
528,512
647,512
666,512
135,512
285,513
420,513
441,514
124,514
763,514
421,514
138,515
866,515
873,515
77,515
688,515
686,515
894,515
972,516
734,516
443,517
244,517
324,517
1,518
470,518
447,518
963,518
75,518
321,518
43,519
297,519
158,519
57,519
322,519
622,519
829,520
368,520
684,521
668,521
431,521
80,522
314,522
195,523
703,523
25,524
935,524
956,524
518,524
44,524
764,525
784,525
608,525
39,525
112,525
46,525
81,525
939,525
292,525
99,526
870,526
52,526
751,526
222,527
526,528
538,528
513,529
571,529
40,530
288,530
819,530
998,530
918,530
401,530
673,531
118,531
396,531
961,531
249,531
991,532
521,532
485,532
725,533
549,533
752,533
702,534
362,534
955,535
431,535
954,535
611,535
47,535
677,536
606,536
391,536
343,536
410,536
777,536
571,537
550,537
777,537
537,538
36,538
13,538
491,538
973,538
160,539
732,539
500,539
161,539
844,539
568,540
115,540
690,540
685,540
967,540
886,540
298,541
459,541
159,541
648,541
431,542
290,542
19,542
478,542
529,543
229,543
745,543
742,543
730,543
228,544
51,544
788,544
410,544
533,547
584,548
381,548
106,548
657,548
262,549
562,550
210,550
422,550
473,551
914,551
82,551
267,551
397,551
967,552
446,553
389,553
540,553
528,553
71,554
890,554
575,554
346,555
87,556
436,556
312,556
363,556
623,558
815,558
375,559
841,559
412,559
213,559
769,560
92,560
516,560
50,560
939,560
641,561
672,561
450,561
17,562
738,562
34,562
138,562
358,562
542,563
855,563
985,563
355,563
439,563
340,563
777,563
810,563
721,564
489,564
494,564
814,564
248,565
19,565
694,565
205,565
102,565
388,565
508,565
607,566
802,566
165,566
860,567
561,568
493,568
690,569
158,569
13,569
873,569
59,570
142,570
977,570
384,570
979,570
838,571
298,571
346,571
329,571
351,572
303,572
605,572
33,572
520,573
763,573
738,573
38,573
564,574
864,574
214,575
647,576
470,577
243,577
533,577
387,578
100,578
402,579
220,579
14,579
289,580
255,580
539,580
226,580
791,580
688,581
61,581
29,581
31,581
595,581
82,581
299,581
315,582
634,582
960,582
232,582
19,583
504,583
709,583
998,583
732,583
582,584
580,584
985,584
660,585
423,585
322,585
278,585
424,585
773,585
509,586
710,586
200,587
368,587
103,587
535,587
621,587
345,588
159,588
464,588
797,588
336,589
648,589
131,590
256,590
39,590
133,591
230,591
919,591
977,591
762,592
480,592
463,592
874,593
869,593
1000,593
977,593
105,593
378,594
532,594
578,594
755,594
45,595
846,595
269,595
105,595
170,596
791,596
883,596
520,596
904,596
931,596
13,596
345,597
72,597
727,598
556,598
821,599
118,599
871,599
185,599
223,599
567,600
301,601
790,601
35,602
598,602
571,602
391,603
819,603
199,603
427,603
85,603
335,603
331,604
850,604
565,604
830,604
832,604
877,605
879,605
289,605
311,605
160,605
266,606
711,606
569,606
153,606
258,606
550,607
558,607
857,607
403,607
890,608
473,608
241,608
474,608
79,609
308,609
376,609
43,609
856,610
893,610
113,610
936,610
546,611
33,611
713,611
157,611
602,612
832,612
125,613
943,613
270,613
807,613
619,613
419,614
7,614
393,614
88,614
26,615
807,616
95,616
895,616
514,617
582,617
854,617
763,617
128,617
851,617
105,617
835,617
129,619
752,619
980,620
674,620
693,621
614,621
147,621
910,621
312,621
744,621
498,621
420,621
217,622
297,623
65,623
81,624
288,624
96,624
203,624
774,624
72,625
529,625
107,625
876,626
576,626
649,626
107,626
320,626
10,626
972,626
351,627
944,627
88,627
715,627
721,627
238,627
456,628
895,628
602,628
685,628
3,628
318,629
320,629
462,629
40,629
515,629
370,629
282,630
812,631
49,631
827,631
925,631
396,631
838,632
516,632
470,633
540,633
218,633
71,633
829,634
827,634
363,634
782,634
933,635
400,635
279,635
323,635
157,637
469,637
336,637
678,637
810,638
56,638
466,638
744,638
275,638
28,638
228,639
220,639
879,639
265,640
634,640
643,640
595,640
629,640
944,640
993,641
538,641
461,641
253,642
624,642
110,642
726,642
235,642
403,642
766,642
993,642
630,643
296,643
92,643
191,643
308,644
73,644
5,644
854,644
395,645
18,645
829,646
462,646
360,646
240,646
963,647
67,647
720,647
662,647
570,647
47,647
407,648
248,649
90,649
702,649
857,649
38,649
84,649
28,649
660,650
341,650
303,650
417,650
806,650
97,650
170,651
330,651
232,651
296,652
22,652
63,653
288,653
452,653
298,653
974,653
308,654
898,655
575,655
388,655
836,656
532,656
606,656
279,656
521,657
13,658
920,658
666,658
253,659
416,659
828,659
110,659
914,660
467,660
818,660
480,660
5,661
772,661
74,661
456,661
883,663
228,663
670,663
493,663
610,664
203,664
829,665
207,665
836,665
957,665
38,665
455,665
541,665
106,665
453,666
110,666
588,666
721,666
778,666
434,666
853,666
54,667
38,667
285,667
631,667
25,667
175,667
301,668
89,668
968,668
996,668
830,668
366,669
343,669
870,669
233,670
238,670
239,671
682,671
579,672
748,672
417,672
719,673
948,673
235,674
582,675
112,675
492,675
795,675
697,675
28,675
839,675
250,676
929,676
2,676
898,676
960,677
776,677
57,677
319,677
633,677
185,678
394,678
642,678
414,679
396,680
735,680
115,680
981,680
758,680
629,681
490,681
664,681
466,682
222,682
985,682
582,682
890,683
311,683
159,684
280,684
519,684
508,684
941,686
201,686
812,686
765,687
832,687
539,688
386,688
879,689
338,689
994,689
158,690
398,692
567,692
465,692
680,692
95,692
268,693
982,694
248,694
128,696
917,696
784,696
494,697
940,697
624,697
400,697
451,697
375,698
373,698
573,698
657,698
104,698
490,699
894,699
235,699
129,700
122,700
902,700
735,700
125,700
398,701
140,701
831,702
602,702
571,703
628,703
193,703
957,703
898,703
310,704
411,704
214,705
840,705
607,705
548,705
711,705
962,706
304,706
679,706
644,707
662,707
336,707
895,708
237,708
614,708
735,709
244,709
257,709
678,709
102,710
742,710
554,710
405,710
408,710
977,710
766,711
598,711
989,711
155,711
371,711
330,711
665,712
57,712
338,712
25,712
637,712
947,712
178,713
399,713
55,713
8,713
50,713
683,713
839,714
114,714
684,714
790,714
768,714
57,714
86,714
838,714
335,715
435,715
76,715
426,715
73,715
867,715
265,716
807,716
259,717
992,717
790,717
84,718
143,718
971,718
90,719
689,720
758,720
570,720
525,720
144,721
671,721
783,721
682,722
995,722
385,722
853,722
587,722
640,723
53,723
783,723
697,723
704,723
973,723
912,723
874,724
415,724
490,724
131,724
202,724
691,724
955,724
224,725
76,725
542,726
128,726
506,726
693,726
911,726
967,726
478,727
972,727
644,727
251,727
423,727
993,728
325,728
743,728
430,728
72,728
621,728
791,730
544,730
561,730
140,730
900,730
144,730
22,730
421,731
219,731
769,731
84,731
539,731
745,731
408,731
842,731
65,732
654,732
645,732
643,733
999,733
736,733
229,733
849,733
30,733
783,734
120,734
707,734
643,734
447,734
623,735
245,735
434,735
519,735
194,735
606,736
68,736
424,737
868,737
474,737
445,737
281,737
16,737
801,738
592,738
683,738
70,738
731,739
586,739
752,739
352,740
144,740
808,740
922,740
547,741
153,741
907,741
909,741
651,741
934,742
105,742
180,742
390,742
910,742
267,744
620,744
867,745
640,745
170,747
959,747
630,748
425,748
780,748
264,748
265,749
701,749
533,749
286,749
779,749
765,750
645,750
440,750
786,750
721,750
748,750
556,750
446,751
520,751
116,751
77,752
317,752
802,752
995,752
228,752
227,752
48,753
725,754
533,754
26,754
329,755
576,755
512,755
491,755
720,756
357,756
609,756
692,756
676,756
801,757
711,757
58,757
790,757
911,758
171,758
799,759
494,759
54,761
176,761
945,761
156,762
17,762
731,762
748,763
273,763
978,763
400,763
120,764
423,764
183,764
908,764
742,764
990,764
407,765
405,765
743,765
332,766
521,766
305,766
75,766
549,766
816,767
7,767
180,767
638,767
604,768
582,768
975,769
502,769
480,769
789,769
233,769
739,769
585,771
201,771
617,771
851,771
368,771
324,772
782,772
355,772
70,772
578,772
985,772
659,772
836,773
150,773
261,773
88,774
76,774
66,774
491,775
692,775
945,776
467,776
13,776
224,776
728,777
541,777
436,777
152,777
985,777
475,779
884,779
442,779
107,779
106,779
165,779
374,779
871,780
165,780
211,780
213,780
32,780
816,781
15,781
557,781
256,782
33,782
761,782
971,782
521,782
717,783
150,783
592,783
988,783
653,784
573,784
143,784
524,784
478,785
229,785
985,785
931,785
859,785
41,786
910,786
484,786
700,786
734,786
535,786
538,787
452,788
236,788
734,788
438,788
362,789
781,789
942,789
298,789
558,789
484,790
137,790
7,790
66,791
632,791
460,791
866,791
24,791
482,792
260,792
850,793
690,793
72,793
502,794
628,795
715,795
441,795
781,795
910,795
68,796
161,796
640,796
749,796
749,797
336,797
362,797
340,797
94,797
980,798
373,798
907,798
83,799
34,799
526,799
551,800
788,800
263,800
728,800
132,800
132,801
440,801
899,801
178,801
213,801
429,802
11,802
463,802
138,803
133,803
247,803
670,804
542,804
237,804
3,805
723,805
927,805
195,805
686,805
839,806
656,806
282,806
203,807
468,807
339,807
827,807
210,807
786,809
574,811
31,811
426,812
727,812
406,812
227,812
127,813
433,813
861,813
395,814
857,814
572,814
483,814
745,814
693,815
313,815
2,816
261,816
383,816
286,816
932,816
259,817
66,817
966,817
20,817
271,818
595,818
476,819
5,819
32,819
703,819
560,819
340,820
566,820
29,820
103,821
338,821
747,821
672,821
98,821
502,821
417,821
423,822
851,822
710,822
175,823
529,823
4,823
601,823
133,823
303,823
326,824
838,824
19,824
670,824
625,824
988,825
826,825
418,825
631,825
587,825
749,826
737,826
792,826
200,826
126,826
857,826
167,827
726,827
340,827
714,828
167,829
137,829
677,829
813,829
566,829
958,829
562,830
198,830
467,830
664,830
456,830
652,830
312,831
241,831
359,831
944,831
717,832
872,832
731,832
314,833
509,833
415,833
179,833
693,834
204,834
611,834
373,834
48,834
791,834
110,834
90,835
119,835
837,836
333,836
328,836
519,836
703,836
446,836
855,837
186,837
566,839
552,839
182,839
412,839
456,840
283,840
545,840
602,840
20,841
993,841
244,841
21,841
822,842
925,842
547,842
913,843
817,843
520,843
8,843
724,843
778,843
608,843
483,843
121,843
819,844
911,844
870,844
864,844
317,844
847,845
923,845
915,846
226,846
377,846
981,846
720,846
337,847
983,847
709,847
787,847
303,847
677,847
186,848
47,848
334,848
755,849
454,850
329,850
456,850
508,850
614,851
110,853
607,854
817,854
313,856
777,856
340,856
479,857
422,857
995,857
333,858
786,858
889,858
700,858
107,858
90,858
399,859
1,859
563,859
584,859
914,859
870,859
366,859
934,860
972,860
40,860
818,860
775,860
112,860
900,861
357,861
676,861
120,862
796,862
211,862
207,862
389,862
727,863
535,863
610,863
938,864
527,864
201,864
279,864
470,865
444,865
698,865
520,866
651,866
592,866
910,867
529,867
8,868
704,869
943,869
109,870
759,870
120,871
766,871
253,871
749,871
655,872
491,872
592,872
906,872
881,872
866,873
649,874
929,874
952,875
337,875
935,876
802,876
534,878
694,878
498,878
767,878
554,879
904,879
849,880
150,880
526,881
375,881
752,881
882,882
668,884
108,884
560,885
792,885
993,886
590,886
479,886
406,886
932,888
919,888
583,888
9,889
661,889
5,889
292,890
631,891
597,891
627,891
871,891
844,892
305,892
801,892
284,892
658,894
676,894
259,895
891,895
820,895
318,895
284,895
113,895
413,896
596,896
928,896
849,896
175,897
762,897
437,897
949,898
352,898
292,898
670,898
238,898
305,899
788,899
463,899
851,899
364,899
582,899
960,900
820,900
752,900
266,900
256,900
350,901
594,901
668,901
942,901
528,901
338,902
978,902
642,902
653,902
728,903
883,903
582,903
759,903
56,903
474,903
587,904
990,904
440,904
519,904
876,904
322,905
945,907
689,907
509,907
338,907
427,907
74,908
388,908
844,910
224,910
314,911
694,911
40,911
501,911
59,912
454,912
668,912
687,912
101,912
826,913
981,914
398,914
97,914
902,915
198,916
324,916
674,916
27,916
658,916
642,916
3,917
504,917
598,918
161,918
153,919
196,919
203,919
290,920
14,920
242,920
926,921
619,922
349,922
134,922
977,922
568,923
342,923
699,923
785,923
45,923
746,923
986,924
142,924
953,924
842,924
700,925
821,925
403,925
323,925
322,926
712,926
688,926
728,926
339,927
829,927
122,927
292,927
639,927
462,927
55,928
193,928
144,928
992,928
132,928
252,929
275,929
494,929
499,929
77,929
300,929
908,930
35,931
600,931
249,931
728,931
366,931
463,932
43,932
936,932
153,933
38,933
42,933
421,933
117,933
429,934
998,934
317,934
272,935
960,935
956,935
812,935
482,936
819,936
402,937
114,937
785,937
164,937
111,937
679,938
612,938
96,939
980,939
651,939
774,940
805,940
15,940
863,940
429,940
333,941
31,941
449,941
753,941
415,941
106,941
154,942
929,942
555,942
665,942
243,942
672,943
728,943
648,943
291,944
430,944
571,944
712,944
362,944
255,945
688,945
5,945
960,945
831,946
963,946
349,946
595,947
341,947
53,947
130,947
993,947
439,948
7,949
512,949
511,949
499,949
787,949
320,951
946,951
813,951
500,952
420,952
879,952
197,952
591,953
741,953
616,953
64,953
270,953
695,953
533,954
183,954
711,954
760,954
845,955
251,955
410,955
840,956
856,957
146,957
952,958
577,958
18,958
189,958
970,958
703,959
189,959
154,959
972,960
346,960
693,960
24,960
411,960
107,960
469,961
792,961
621,961
39,961
474,963
25,963
940,963
739,963
69,963
177,964
40,964
58,964
213,964
599,964
869,964
214,965
259,965
317,965
614,966
488,966
916,967
168,967
746,968
76,968
565,968
665,968
199,968
703,969
244,969
603,970
753,970
651,970
876,970
162,972
592,972
942,972
387,972
802,972
665,973
871,974
346,974
230,974
26,975
492,975
88,975
44,976
887,976
57,976
920,976
573,976
129,976
906,977
149,977
524,977
239,977
669,977
475,977
456,977
799,978
56,978
324,978
293,979
636,979
555,980
549,981
911,981
456,981
956,982
149,982
64,982
199,982
155,982
851,984
711,984
766,984
761,984
27,984
984,985
82,985
172,985
432,985
1000,985
591,985
265,987
426,987
594,988
332,988
141,988
759,989
903,989
865,990
582,990
427,990
839,991
710,991
842,991
20,991
663,991
437,991
451,992
160,992
712,992
643,992
264,992
939,992
837,992
473,994
223,994
464,994
564,994
477,994
712,995
257,995
481,995
268,997
15,997
453,997
4,997
280,998
427,998
326,998
491,998
480,998
470,999
445,1000
89,1000
146,1000
927,1000
630,1001
527,1001
513,1001
409,1004
535,1004
63,1004
815,1004
614,1005
140,1005
525,1005
816,1005
151,1005
73,1006
725,1006
660,1006
775,1006
387,1006
264,1006
123,1007
449,1007
887,1008
505,1008
77,1008
661,1008
529,1008
965,1009
435,1009
35,1009
343,1009
556,1010
528,1011
11,1011
814,1011
207,1011
77,1011
707,1011
388,1012
313,1012
484,1012
993,1012
891,1012
592,1013
148,1014
478,1014
597,1014
537,1014
196,1014
920,1015
781,1016
269,1016
137,1016
571,1016
702,1017
370,1017
244,1017
383,1017
859,1018
409,1018
811,1018
19,1019
87,1019
632,1020
570,1020
698,1020
268,1021
570,1021
21,1021
720,1022
122,1022
483,1022
2,1023
709,1023
527,1023
498,1024
894,1024
920,1024
106,1024
376,1025
665,1026
106,1026
742,1026
972,1026
57,1026
483,1027
847,1027
293,1027
60,1027
292,1027
232,1027
593,1028
382,1028
750,1028
454,1028
612,1029
389,1029
464,1029
717,1029
156,1029
664,1029
934,1029
301,1029
423,1029
998,1030
69,1030
94,1030
36,1030
949,1031
849,1031
585,1031
948,1031
53,1032
835,1032
109,1032
509,1032
569,1032
755,1032
371,1032
29,1033
744,1033
181,1033
13,1033
682,1034
296,1034
579,1034
485,1035
168,1035
703,1035
781,1035
700,1036
633,1036
180,1036
34,1036
84,1036
13,1037
691,1037
177,1037
374,1039
485,1040
276,1040
664,1040
472,1040
691,1040
710,1040
670,1041
680,1041
236,1042
889,1042
614,1042
330,1042
610,1042
888,1043
767,1043
261,1044
852,1044
779,1044
172,1044
355,1044
155,1044
393,1044
680,1045
695,1045
697,1045
686,1046
665,1047
415,1048
292,1048
116,1048
358,1048
798,1049
737,1049
217,1049
452,1049
299,1049
697,1050
872,1050
376,1050
96,1050
923,1050
920,1050
193,1050
245,1051
470,1051
960,1051
800,1051
890,1052
455,1052
809,1052
434,1052
816,1052
770,1052
405,1052
760,1053
588,1053
790,1053
389,1054
547,1054
118,1054
762,1054
693,1055
5,1056
858,1056
543,1056
328,1056
352,1056
509,1056
786,1057
91,1057
614,1058
674,1058
48,1058
820,1058
372,1059
401,1060
529,1061
522,1061
81,1061
36,1062
528,1062
60,1062
217,1063
979,1063
840,1063
817,1063
346,1063
516,1063
47,1064
691,1064
365,1065
455,1065
262,1065
272,1065
592,1066
572,1066
448,1067
215,1067
188,1067
265,1067
383,1067
784,1067
452,1068
755,1068
606,1068
112,1068
100,1069
923,1069
120,1069
93,1069
709,1069
531,1070
381,1070
820,1070
710,1070
883,1070
73,1070
986,1070
548,1070
257,1071
421,1071
625,1072
568,1072
611,1074
228,1074
839,1075
847,1076
591,1076
422,1076
121,1076
513,1077
682,1077
215,1077
54,1077
839,1077
204,1078
667,1078
282,1079
9,1080
899,1080
152,1082
673,1082
880,1082
429,1082
992,1084
972,1084
508,1084
679,1085
955,1085
138,1085
9,1085
343,1085
847,1086
168,1086
843,1086
589,1086
530,1087
891,1087
811,1088
562,1088
886,1088
105,1088
736,1088
625,1089
145,1089
824,1090
289,1090
482,1090
996,1090
700,1090
262,1090
624,1090
747,1091
553,1091
287,1091
302,1092
179,1092
598,1093
254,1093
958,1093
467,1093
561,1094
941,1094
259,1094
699,1094
486,1094
814,1094
901,1095
185,1095
83,1095
188,1096
512,1096
345,1096
549,1097
49,1097
829,1097
278,1097
853,1098
919,1098
186,1098
434,1099
457,1099
886,1099
966,1099
516,1100
531,1100
665,1100
634,1100
466,1100
604,1101
964,1102
482,1102
339,1102
301,1102
286,1102
338,1102
526,1103
265,1103
905,1103
71,1104
242,1104
285,1105
5,1105
119,1105
941,1105
709,1108
219,1108
426,1108
912,1109
986,1110
617,1110
446,1110
187,1110
713,1110
465,1110
341,1111
680,1111
596,1112
214,1112
258,1112
386,1112
918,1112
256,1112
529,1112
618,1112
28,1112
114,1113
157,1113
861,1113
294,1114
807,1114
302,1114
491,1115
619,1115
249,1115
433,1115
737,1115
808,1115
686,1115
358,1115
417,1115
369,1116
420,1116
568,1116
823,1116
412,1116
140,1116
723,1116
136,1117
719,1117
944,1117
246,1117
889,1117
918,1117
477,1118
29,1118
674,1118
429,1118
344,1118
629,1118
259,1118
531,1118
31,1119
888,1119
324,1119
992,1119
238,1119
724,1120
134,1120
461,1120
651,1120
946,1121
307,1121
248,1121
255,1121
984,1122
692,1122
181,1122
828,1122
907,1122
936,1122
667,1122
733,1123
769,1123
931,1123
504,1123
70,1123
166,1124
292,1125
306,1125
468,1125
193,1126
883,1126
65,1126
819,1126
826,1126
108,1127
134,1127
716,1128
15,1128
504,1128
558,1129
868,1129
191,1129
777,1130
818,1131
49,1131
928,1131
714,1132
904,1132
306,1132
356,1133
638,1133
883,1133
523,1133
238,1134
363,1134
444,1134
334,1135
726,1135
854,1135
304,1135
82,1135
644,1136
876,1136
565,1136
697,1137
535,1137
181,1137
176,1138
937,1138
679,1138
536,1139
722,1139
554,1139
391,1139
948,1140
324,1140
855,1140
976,1141
629,1141
280,1141
400,1141
539,1142
780,1143
318,1143
161,1144
710,1144
861,1144
546,1144
294,1144
460,1145
905,1145
37,1145
337,1145
158,1145
46,1145
860,1146
691,1146
172,1146
835,1146
632,1147
554,1147
569,1147
888,1147
927,1147
472,1147
886,1148
172,1148
215,1148
764,1148
164,1148
940,1148
18,1149
213,1149
889,1149
443,1149
968,1149
301,1150
130,1150
807,1151
454,1151
952,1151
894,1151
767,1151
438,1152
968,1152
555,1153
720,1153
680,1153
797,1153
542,1154
474,1154
757,1155
388,1155
30,1155
740,1155
250,1155
935,1156
495,1156
460,1156
575,1156
232,1156
852,1157
276,1157
449,1157
994,1157
82,1157
187,1158
682,1158
550,1158
234,1158
844,1159
228,1159
273,1159
891,1160
773,1160
775,1161
979,1161
249,1162
351,1162
913,1163
436,1163
133,1164
880,1164
824,1164
872,1164
860,1164
464,1164
512,1165
660,1165
731,1165
786,1165
38,1165
58,1165
261,1165
339,1165
723,1166
599,1166
482,1166
224,1166
63,1167
965,1167
129,1167
795,1167
474,1167
226,1167
130,1168
175,1168
564,1168
353,1169
945,1170
934,1170
24,1170
320,1170
727,1170
782,1172
745,1172
995,1172
157,1172
340,1173
351,1173
346,1173
298,1173
931,1173
809,1174
718,1175
701,1175
229,1175
593,1175
815,1175
470,1177
665,1177
40,1177
301,1177
107,1177
572,1178
551,1178
875,1178
978,1178
71,1178
369,1179
808,1179
598,1179
432,1179
653,1179
891,1180
661,1180
472,1180
239,1180
541,1181
401,1181
352,1182
390,1182
624,1182
11,1182
305,1182
988,1182
989,1182
920,1184
271,1184
765,1184
688,1185
442,1185
512,1185
765,1185
234,1185
213,1185
869,1186
73,1186
988,1186
707,1186
167,1187
291,1187
558,1187
617,1187
339,1187
707,1188
449,1188
30,1189
11,1189
676,1189
870,1189
434,1189
630,1190
269,1190
963,1190
321,1190
597,1190
861,1191
608,1191
694,1191
432,1192
282,1192
33,1192
500,1192
423,1192
25,1192
212,1194
61,1194
88,1195
231,1196
881,1196
979,1196
251,1196
590,1196
524,1196
30,1197
711,1197
121,1197
248,1197
739,1197
969,1197
778,1198
385,1198
148,1198
558,1199
230,1199
254,1199
55,1200
329,1200
913,1201
909,1201
562,1201
794,1201
78,1201
970,1202
120,1202
375,1202
839,1202
224,1202
212,1202
469,1203
287,1203
858,1203
828,1203
22,1204
133,1204
652,1204
672,1204
461,1205
503,1205
170,1205
524,1205
786,1205
949,1207
391,1207
375,1207
623,1207
442,1207
714,1208
939,1208
596,1209
684,1209
349,1210
582,1210
352,1210
627,1210
584,1210
380,1211
1000,1211
332,1212
919,1213
665,1213
246,1213
705,1213
645,1213
397,1213
138,1213
454,1214
118,1215
308,1215
981,1217
860,1217
294,1217
640,1218
354,1218
965,1218
165,1218
707,1218
321,1218
135,1219
757,1219
147,1220
829,1220
956,1220
64,1220
966,1220
465,1220
661,1222
1000,1222
513,1222
168,1222
794,1222
778,1222
77,1223
895,1224
69,1224
625,1225
645,1225
727,1225
190,1225
95,1225
504,1226
303,1226
728,1227
303,1227
328,1227
153,1227
62,1227
824,1227
210,1227
42,1227
485,1228
646,1228
395,1228
784,1228
638,1229
27,1230
526,1230
749,1230
794,1230
561,1230
145,1231
308,1231
747,1232
372,1232
700,1232
879,1232
248,1232
177,1233
741,1233
960,1233
292,1234
900,1234
293,1234
10,1234
755,1234
720,1235
178,1235
597,1235
206,1235
297,1236
660,1236
856,1236
814,1236
805,1236
23,1236
590,1237
257,1237
93,1237
843,1238
565,1238
923,1238
40,1238
371,1238
736,1239
851,1239
676,1239
169,1239
363,1239
490,1239
63,1240
725,1241
28,1241
623,1242
936,1242
259,1242
91,1243
140,1243
820,1243
933,1243
672,1243
243,1243
926,1243
9,1244
89,1244
567,1244
922,1244
609,1245
90,1245
978,1245
990,1245
801,1245
759,1246
987,1246
748,1246
239,1246
269,1246
821,1246
515,1247
728,1247
376,1247
485,1247
71,1247
207,1247
639,1248
443,1248
709,1248
181,1248
914,1249
473,1249
438,1249
560,1249
426,1249
90,1249
191,1249
132,1250
119,1250
787,1251
120,1251
155,1251
27,1251
905,1252
713,1252
725,1252
209,1252
515,1253
95,1254
297,1254
607,1254
880,1254
313,1254
574,1255
36,1255
167,1255
633,1255
570,1256
559,1257
661,1257
541,1257
694,1258
423,1258
310,1258
829,1259
845,1260
587,1260
111,1260
693,1261
590,1261
890,1261
605,1261
687,1262
223,1262
197,1262
329,1262
402,1262
988,1263
576,1263
745,1263
837,1263
983,1264
156,1264
240,1264
779,1265
442,1265
903,1265
56,1266
308,1266
998,1266
948,1266
729,1266
902,1267
713,1267
88,1268
12,1268
879,1268
671,1268
223,1268
708,1268
562,1268
924,1268
577,1269
95,1269
634,1269
782,1270
491,1270
298,1270
37,1270
329,1270
833,1271
888,1271
31,1271
115,1271
245,1271
24,1272
782,1272
909,1272
819,1274
270,1274
607,1274
377,1274
441,1274
29,1275
982,1275
505,1275
487,1276
789,1276
401,1276
354,1276
60,1276
847,1276
733,1276
508,1277
465,1277
356,1277
770,1277
721,1277
669,1278
471,1278
156,1278
232,1278
78,1278
846,1279
387,1279
775,1279
765,1279
214,1279
121,1279
679,1280
510,1281
983,1281
658,1281
516,1281
746,1281
79,1281
688,1282
763,1282
788,1282
57,1282
324,1282
790,1282
911,1282
707,1282
774,1283
451,1283
1000,1283
868,1283
995,1283
32,1283
588,1284
627,1284
389,1284
881,1284
791,1284
211,1284
62,1284
435,1285
409,1285
891,1285
609,1286
623,1286
288,1286
413,1287
936,1287
612,1287
884,1287
703,1288
620,1288
252,1288
882,1288
733,1288
141,1289
785,1289
61,1290
30,1290
505,1290
111,1290
761,1291
698,1291
326,1291
536,1291
839,1291
10,1291
801,1291
935,1292
68,1292
281,1292
672,1292
50,1292
573,1292
431,1293
203,1293
256,1293
187,1293
32,1294
819,1294
771,1294
416,1294
346,1295
911,1295
548,1295
797,1295
503,1295
555,1296
711,1296
539,1297
566,1297
198,1297
639,1297
897,1297
667,1297
176,1297
750,1298
6,1298
861,1298
592,1298
505,1299
191,1299
146,1299
538,1299
872,1299
859,1300
710,1300
145,1300
703,1300
383,1300
564,1300
969,1300
346,1301
892,1302
116,1302
217,1302
636,1303
788,1303
431,1304
801,1304
25,1304
987,1304
220,1304
942,1305
319,1305
532,1305
883,1305
170,1305
508,1306
556,1306
575,1306
931,1306
212,1307
561,1307
900,1308
577,1308
862,1308
651,1309
198,1309
18,1310
34,1310
265,1310
712,1310
242,1311
422,1311
262,1311
450,1311
373,1311
921,1312
819,1313
281,1313
530,1313
729,1314
273,1315
101,1315
403,1315
237,1315
40,1316
410,1316
234,1316
109,1317
469,1317
341,1317
354,1317
493,1318
410,1318
39,1318
125,1318
267,1318
367,1318
526,1319
310,1319
768,1320
795,1320
276,1320
260,1320
819,1321
82,1321
379,1321
450,1321
320,1322
729,1322
220,1322
720,1322
389,1323
914,1323
71,1323
75,1323
105,1324
315,1324
396,1325
940,1325
32,1325
881,1325
204,1325
529,1326
623,1326
171,1326
410,1326
767,1327
23,1327
802,1327
646,1328
277,1328
389,1328
995,1329
360,1329
932,1329
265,1329
180,1329
253,1330
389,1330
519,1330
772,1331
798,1332
995,1332
866,1332
238,1333
512,1333
463,1333
92,1333
274,1333
827,1333
28,1333
693,1334
280,1334
648,1334
703,1334
323,1334
288,1335
347,1335
868,1335
581,1335
363,1335
691,1335
421,1335
237,1336
8,1336
872,1336
89,1336
95,1337
616,1337
979,1337
156,1339
509,1339
795,1339
154,1339
980,1339
226,1339
602,1340
483,1340
929,1340
274,1340
704,1340
129,1341
708,1341
102,1341
785,1342
456,1342
762,1343
817,1344
544,1344
238,1344
548,1344
377,1345
674,1345
805,1345
333,1346
858,1346
696,1346
647,1346
462,1346
22,1346
809,1346
800,1348
734,1348
620,1349
588,1349
88,1349
370,1351
34,1351
557,1351
117,1351
72,1351
194,1351
266,1352
877,1353
913,1353
772,1353
793,1353
970,1353
541,1354
644,1354
258,1354
576,1354
279,1354
194,1355
893,1355
764,1355
985,1355
16,1356
708,1357
431,1357
177,1357
830,1357
730,1358
677,1359
591,1359
344,1359
898,1359
186,1360
609,1360
978,1360
364,1361
262,1361
439,1362
590,1362
338,1362
301,1363
142,1363
856,1363
87,1363
760,1363
770,1363
714,1363
993,1365
363,1365
866,1365
446,1365
513,1366
8,1366
991,1366
13,1366
115,1366
425,1367
991,1367
953,1367
761,1367
911,1367
886,1368
69,1368
664,1368
458,1368
210,1368
278,1368
314,1368
473,1368
594,1369
679,1369
802,1369
600,1370
189,1370
240,1370
321,1371
691,1371
121,1371
836,1371
420,1371
729,1371
218,1371
433,1373
286,1373
499,1374
736,1374
94,1374
704,1374
979,1374
700,1374
873,1375
48,1375
477,1376
990,1376
969,1376
106,1376
129,1376
700,1376
730,1377
638,1377
291,1377
652,1377
975,1378
77,1378
756,1379
757,1379
895,1380
797,1380
970,1380
963,1380
580,1381
309,1381
573,1381
289,1381
93,1381
716,1381
944,1381
723,1382
913,1382
653,1382
869,1382
911,1383
820,1383
252,1383
154,1384
807,1384
909,1384
834,1385
914,1385
555,1385
207,1385
656,1385
548,1386
830,1386
484,1386
731,1386
368,1387
881,1387
416,1387
675,1387
504,1387
676,1388
214,1389
50,1389
334,1390
388,1390
281,1390
653,1390
468,1390
974,1391
729,1391
350,1393
531,1393
574,1393
134,1393
67,1394
856,1394
538,1394
887,1394
984,1394
480,1394
983,1395
810,1396
609,1396
285,1396
75,1396
955,1396
739,1396
959,1396
3,1396
500,1397
746,1397
591,1397
124,1397
78,1398
308,1398
956,1398
411,1398
264,1398
261,1399
391,1399
730,1399
666,1399
84,1399
877,1400
517,1400
247,1400
62,1400
777,1400
591,1400
469,1400
372,1400
820,1400
311,1400
177,1400
750,1401
786,1401
218,1402
983,1402
750,1403
833,1403
789,1403
687,1403
529,1403
940,1403
560,1403
879,1403
728,1404
190,1404
247,1405
509,1405
994,1406
300,1406
573,1406
691,1406
859,1406
995,1406
746,1407
508,1407
470,1407
574,1408
909,1408
124,1408
648,1408
151,1408
349,1408
249,1409
177,1409
343,1409
954,1409
666,1410
745,1410
790,1410
569,1410
849,1411
32,1411
564,1411
993,1411
495,1412
995,1412
600,1412
62,1412
630,1413
419,1413
682,1413
416,1413
422,1413
441,1414
370,1414
933,1414
737,1415
864,1415
849,1416
585,1416
663,1416
370,1416
471,1416
65,1417
420,1417
315,1417
413,1417
777,1417
846,1417
685,1417
543,1417
137,1417
999,1417
850,1418
15,1418
194,1418
700,1418
763,1418
484,1418
10,1419
852,1419
776,1419
768,1419
608,1419
864,1419
831,1420
252,1420
500,1420
533,1420
796,1420
63,1420
541,1421
647,1421
525,1421
731,1422
722,1422
783,1422
446,1422
770,1423
169,1424
38,1424
511,1424
820,1424
861,1425
585,1426
988,1426
911,1426
912,1426
278,1428
609,1428
159,1429
689,1429
712,1429
312,1430
554,1430
451,1430
886,1431
631,1432
420,1433
356,1433
61,1433
873,1433
487,1433
276,1434
832,1434
349,1434
405,1434
325,1435
405,1436
370,1436
694,1437
283,1437
92,1437
792,1437
106,1438
458,1438
601,1438
278,1439
511,1439
489,1439
942,1440
826,1440
42,1440
199,1441
315,1441
342,1441
63,1442
191,1442
448,1442
999,1442
232,1444
60,1444
222,1444
129,1444
866,1444
762,1445
399,1445
680,1445
975,1445
926,1445
262,1445
381,1446
976,1447
454,1447
229,1447
248,1447
11,1447
627,1447
933,1447
733,1447
473,1448
772,1448
794,1448
840,1448
751,1450
391,1450
233,1450
344,1451
89,1451
444,1451
528,1451
352,1451
151,1451
663,1451
763,1452
491,1452
377,1452
126,1452
129,1452
351,1453
726,1453
572,1453
205,1453
494,1453
26,1454
64,1454
738,1454
818,1454
367,1455
410,1456
741,1456
947,1456
786,1456
418,1456
615,1456
505,1458
445,1458
237,1458
223,1458
265,1458
133,1459
154,1459
546,1459
164,1460
792,1460
970,1460
790,1460
533,1460
237,1460
477,1461
144,1461
834,1462
225,1462
510,1462
691,1462
181,1462
191,1462
346,1463
37,1464
239,1464
830,1464
235,1464
735,1465
483,1465
732,1466
907,1466
55,1466
8,1466
557,1466
710,1467
213,1468
258,1468
959,1468
918,1469
35,1469
210,1469
203,1470
196,1470
239,1470
909,1471
780,1471
202,1471
551,1472
909,1472
831,1473
376,1474
409,1475
650,1475
785,1475
662,1476
499,1476
913,1476
561,1476
641,1476
945,1477
13,1477
276,1477
607,1478
537,1479
821,1479
728,1479
658,1479
704,1480
694,1481
586,1482
675,1482
395,1482
554,1482
17,1482
916,1482
669,1482
643,1483
396,1483
303,1483
379,1483
865,1483
723,1483
366,1483
708,1484
148,1484
99,1485
377,1485
502,1485
682,1485
714,1485
553,1485
811,1485
162,1486
446,1486
297,1486
31,1486
331,1487
212,1487
731,1487
149,1487
645,1487
844,1487
992,1488
617,1489
439,1489
535,1489
543,1489
744,1490
985,1490
136,1490
539,1491
570,1491
219,1491
651,1491
823,1491
468,1492
629,1492
933,1493
622,1493
480,1493
531,1494
884,1494
223,1494
694,1494
217,1494
83,1494
711,1495
382,1495
609,1496
523,1496
384,1496
776,1496
596,1496
845,1497
691,1497
431,1497
988,1497
83,1498
698,1498
702,1499
745,1499
31,1499
131,1499
340,1499
898,1500
934,1500
755,1500
665,1500
537,1500
415,1500
654,1501
688,1501
786,1501
38,1501
305,1502
507,1502
428,1503
483,1503
96,1503
892,1503
305,1503
545,1504
439,1504
253,1504
146,1504
573,1504
598,1505
912,1506
749,1506
1,1507
237,1507
541,1507
343,1507
190,1507
318,1507
173,1508
157,1508
106,1508
334,1508
361,1508
580,1509
778,1509
411,1509
248,1509
930,1509
587,1510
693,1510
425,1510
234,1511
611,1511
939,1512
611,1513
296,1513
357,1514
329,1514
807,1514
762,1514
293,1514
425,1514
371,1515
446,1515
798,1515
679,1515
482,1516
60,1516
526,1516
503,1517
223,1517
873,1518
94,1518
17,1518
679,1518
150,1518
754,1519
827,1519
968,1519
479,1519
386,1520
227,1520
700,1520
761,1520
997,1520
172,1521
360,1521
754,1521
210,1522
738,1523
722,1523
847,1523
191,1523
175,1523
970,1523
518,1524
463,1524
275,1524
578,1525
219,1525
684,1526
401,1526
6,1526
817,1527
99,1527
595,1527
310,1528
562,1528
532,1528
442,1528
406,1528
738,1529
994,1529
745,1529
24,1529
766,1529
764,1531
158,1531
424,1531
317,1531
312,1531
788,1532
572,1532
908,1532
585,1532
644,1532
708,1533
203,1533
629,1534
372,1534
646,1535
442,1536
815,1536
60,1536
806,1536
836,1537
632,1537
687,1537
100,1538
941,1538
425,1538
300,1538
938,1538
961,1539
790,1539
725,1539
673,1539
573,1540
111,1540
15,1541
835,1542
253,1542
733,1542
279,1543
429,1543
446,1543
985,1543
589,1543
856,1543
308,1543
219,1544
706,1544
984,1544
992,1545
240,1545
553,1545
452,1545
787,1545
563,1545
806,1546
914,1546
968,1546
729,1546
334,1546
134,1546
514,1547
340,1548
399,1548
448,1548
354,1548
941,1549
90,1549
567,1549
916,1550
311,1550
758,1550
461,1550
454,1551
93,1551
608,1551
542,1551
945,1551
772,1551
456,1552
281,1552
252,1553
835,1553
271,1553
413,1554
521,1554
327,1555
634,1555
220,1555
516,1555
42,1555
405,1555
154,1556
246,1556
47,1556
524,1556
882,1557
585,1557
661,1557
606,1557
849,1557
822,1558
623,1558
976,1558
656,1559
170,1559
794,1560
896,1560
238,1560
367,1561
258,1561
542,1561
416,1561
610,1561
192,1563
840,1563
105,1563
703,1563
365,1563
399,1563
33,1563
843,1563
241,1563
534,1564
560,1564
47,1564
215,1565
339,1565
889,1565
391,1566
438,1566
1,1567
927,1567
307,1567
602,1567
822,1567
61,1567
452,1568
283,1568
471,1568
441,1568
753,1569
936,1569
597,1569
126,1569
673,1569
84,1570
191,1570
182,1570
119,1571
832,1571
347,1571
745,1572
589,1572
836,1572
697,1572
415,1572
716,1572
321,1572
360,1573
565,1573
808,1573
419,1573
719,1574
72,1574
654,1574
44,1576
807,1577
849,1577
617,1578
227,1578
221,1578
222,1579
382,1579
135,1579
866,1579
557,1579
411,1580
2,1581
103,1581
835,1581
229,1581
528,1581
785,1582
884,1582
27,1583
172,1583
601,1583
347,1583
805,1583
876,1583
494,1583
109,1584
897,1584
906,1584
32,1584
71,1585
189,1585
877,1585
302,1585
831,1585
363,1585
555,1586
95,1586
934,1586
384,1586
573,1587
57,1587
395,1587
93,1588
613,1588
303,1588
623,1589
195,1590
936,1591
411,1591
38,1592
899,1593
98,1594
688,1594
833,1594
758,1595
831,1595
608,1595
228,1595
546,1596
449,1596
84,1596
514,1596
444,1596
815,1597
8,1598
550,1598
12,1598
658,1599
319,1599
625,1599
209,1600
725,1600
167,1600
770,1600
856,1600
971,1600
982,1601
871,1601
572,1601
868,1602
959,1602
375,1602
18,1602
503,1602
941,1602
934,1602
719,1602
104,1603
986,1604
606,1604
226,1604
213,1605
833,1605
144,1605
591,1606
362,1606
168,1606
985,1606
139,1606
44,1607
577,1607
893,1607
965,1607
43,1608
682,1608
54,1608
967,1608
847,1608
219,1608
490,1609
952,1610
483,1610
508,1610
372,1610
535,1611
570,1611
358,1611
262,1612
554,1613
8,1613
398,1613
410,1613
109,1613
70,1613
186,1614
927,1614
135,1617
739,1617
34,1617
666,1617
236,1617
939,1617
851,1618
380,1618
966,1618
76,1618
440,1618
326,1619
503,1619
690,1619
96,1619
442,1620
50,1620
852,1620
659,1620
65,1621
556,1621
84,1621
921,1621
885,1622
685,1622
728,1622
661,1622
799,1622
236,1622
896,1623
696,1623
630,1623
865,1623
624,1623
949,1623
333,1624
366,1624
598,1624
896,1624
764,1625
521,1625
788,1625
508,1625
61,1627
118,1628
810,1628
292,1629
836,1629
679,1629
350,1629
705,1630
518,1631
718,1631
108,1633
721,1634
397,1634
649,1634
111,1634
585,1634
782,1634
991,1636
296,1637
368,1637
32,1637
353,1637
168,1637
51,1638
863,1638
223,1638
812,1638
433,1639
7,1639
532,1639
126,1639
106,1640
965,1640
706,1641
912,1641
571,1641
788,1641
816,1642
827,1642
417,1642
860,1642
44,1642
898,1643
555,1643
719,1643
78,1643
105,1644
263,1644
40,1644
824,1645
280,1646
436,1646
578,1646
334,1646
361,1648
31,1648
840,1648
414,1649
12,1649
605,1649
697,1649
832,1649
871,1649
934,1650
514,1650
36,1650
968,1652
468,1652
269,1652
349,1653
408,1653
443,1653
609,1653
653,1654
560,1655
937,1655
42,1656
499,1656
265,1656
146,1656
623,1656
281,1657
634,1658
674,1658
17,1658
298,1658
636,1659
368,1659
466,1659
953,1659
930,1660
442,1660
184,1660
324,1660
869,1660
196,1661
295,1662
466,1662
416,1663
900,1664
615,1664
826,1664
354,1664
200,1665
878,1666
991,1666
293,1666
508,1666
143,1666
538,1667
646,1667
411,1667
127,1667
730,1668
385,1668
912,1669
532,1669
328,1669
597,1669
802,1670
986,1670
703,1670
397,1670
133,1671
624,1671
826,1671
124,1672
777,1672
400,1673
397,1673
141,1673
788,1673
9,1674
787,1674
195,1674
316,1675
612,1675
964,1676
410,1676
898,1677
562,1677
609,1677
692,1678
423,1678
495,1678
667,1678
48,1678
128,1678
406,1678
379,1678
388,1678
162,1678
842,1680
701,1680
303,1680
46,1680
162,1680
65,1681
510,1682
975,1682
136,1682
212,1682
89,1682
735,1682
961,1683
184,1684
985,1684
208,1684
349,1684
156,1685
350,1685
848,1685
761,1685
534,1686
329,1686
764,1686
858,1687
536,1687
635,1687
317,1687
464,1689
870,1690
58,1690
348,1690
792,1690
154,1691
9,1691
641,1691
369,1691
930,1691
204,1692
786,1692
90,1692
193,1693
737,1693
941,1694
424,1694
18,1694
338,1694
628,1694
984,1695
850,1695
639,1695
236,1695
296,1695
130,1696
744,1696
736,1696
729,1697
127,1697
151,1698
944,1698
900,1698
593,1698
278,1699
939,1699
265,1699
911,1699
812,1700
834,1700
284,1700
77,1702
288,1702
883,1702
32,1702
827,1702
926,1702
552,1703
949,1703
272,1704
712,1704
929,1704
820,1704
879,1705
477,1706
897,1706
855,1706
494,1706
606,1706
781,1707
558,1707
155,1707
706,1707
895,1707
312,1707
47,1707
118,1708
438,1708
953,1708
544,1708
151,1709
234,1709
95,1709
580,1710
887,1710
698,1710
923,1710
764,1711
530,1711
83,1711
515,1711
112,1711
669,1711
698,1712
581,1712
393,1712
155,1712
883,1713
319,1713
167,1713
997,1713
532,1715
791,1715
632,1715
773,1715
825,1715
446,1715
831,1715
517,1716
485,1716
463,1716
996,1716
290,1717
795,1717
967,1717
892,1717
356,1717
786,1718
720,1718
308,1718
515,1718
536,1718
974,1719
546,1719
506,1720
844,1720
642,1720
153,1720
323,1720
319,1720
303,1721
766,1721
191,1721
132,1721
655,1721
330,1721
921,1722
478,1722
994,1722
540,1722
696,1723
571,1723
776,1723
192,1723
256,1724
258,1724
345,1725
375,1725
236,1725
524,1726
986,1727
484,1727
163,1727
407,1728
485,1728
446,1728
389,1728
938,1728
388,1729
726,1729
46,1729
546,1729
508,1730
307,1730
329,1730
724,1730
714,1730
848,1731
513,1731
458,1731
81,1731
741,1731
484,1732
321,1732
213,1732
74,1733
701,1733
863,1733
400,1734
569,1734
369,1734
619,1734
195,1734
106,1735
140,1736
406,1737
132,1737
98,1737
673,1737
671,1737
36,1737
921,1738
964,1738
85,1739
264,1739
810,1739
978,1739
839,1740
125,1740
16,1740
825,1741
397,1741
84,1741
285,1741
606,1742
808,1742
889,1742
612,1742
392,1742
954,1743
314,1743
361,1743
954,1744
210,1744
219,1744
71,1745
610,1745
100,1746
831,1746
126,1746
700,1746
872,1746
249,1748
909,1748
284,1748
805,1749
595,1749
956,1749
462,1749
169,1749
479,1750
30,1751
765,1752
211,1752
811,1752
649,1752
310,1752
232,1752
302,1753
309,1753
615,1753
509,1753
374,1753
365,1754
834,1754
565,1754
735,1755
544,1756
537,1756
519,1756
95,1757
858,1757
955,1757
488,1757
728,1758
953,1758
829,1758
904,1759
134,1759
119,1759
512,1760
622,1760
262,1761
223,1761
468,1761
448,1761
941,1761
925,1762
296,1762
598,1762
889,1762
47,1763
976,1763
942,1763
216,1763
220,1763
235,1764
892,1764
617,1764
330,1764
271,1765
571,1765
42,1765
952,1765
462,1766
212,1766
703,1766
121,1766
320,1767
750,1767
965,1767
538,1768
224,1768
817,1768
406,1768
569,1768
475,1768
318,1769
509,1771
262,1771
7,1771
471,1771
421,1772
881,1772
781,1772
362,1772
412,1772
13,1772
4,1773
689,1773
991,1773
461,1773
166,1774
876,1775
563,1775
873,1775
159,1775
124,1775
887,1775
661,1776
552,1776
131,1776
124,1776
595,1776
849,1776
951,1776
218,1777
880,1777
877,1777
551,1779
169,1779
493,1779
451,1780
137,1780
437,1781
268,1781
726,1781
203,1782
871,1782
12,1782
929,1782
307,1783
601,1784
859,1784
442,1784
584,1785
171,1785
412,1786
411,1786
676,1786
990,1787
407,1787
34,1787
238,1788
97,1788
187,1788
208,1788
259,1788
670,1789
937,1789
534,1790
831,1790
745,1790
284,1791
593,1791
900,1791
576,1791
94,1791
116,1791
990,1791
534,1791
674,1791
317,1791
881,1791
158,1792
991,1792
268,1792
186,1792
122,1793
30,1793
479,1794
571,1794
699,1794
91,1794
486,1794
776,1794
725,1795
744,1796
961,1796
231,1796
809,1796
386,1796
259,1796
641,1797
973,1797
542,1797
98,1797
347,1798
594,1798
359,1798
948,1798
371,1798
756,1799
840,1799
566,1799
826,1799
641,1799
265,1800
171,1800
76,1800
638,1801
203,1802
944,1802
107,1802
214,1802
782,1803
874,1803
420,1803
199,1803
932,1803
706,1803
182,1804
501,1805
410,1805
473,1805
438,1805
533,1805
582,1806
215,1807
370,1807
808,1807
573,1807
795,1808
317,1808
92,1809
498,1809
264,1809
610,1809
794,1810
834,1810
569,1810
25,1810
983,1810
561,1811
669,1811
558,1811
819,1811
504,1812
876,1812
134,1812
197,1813
206,1813
623,1813
622,1813
14,1813
696,1813
118,1814
373,1814
887,1814
29,1814
34,1814
625,1816
109,1816
343,1816
316,1816
539,1817
991,1817
1,1817
316,1817
423,1818
996,1818
258,1818
512,1819
634,1819
161,1819
777,1819
77,1819
268,1819
600,1819
885,1820
744,1820
538,1820
974,1821
404,1821
100,1821
839,1822
930,1822
844,1822
257,1822
846,1823
472,1823
860,1824
644,1824
820,1824
675,1825
618,1825
585,1825
928,1826
493,1826
230,1826
544,1826
678,1826
945,1827
28,1827
391,1827
391,1829
473,1829
683,1829
237,1829
397,1829
599,1831
692,1831
404,1831
122,1831
47,1831
470,1832
186,1832
443,1832
313,1832
230,1832
522,1834
818,1834
397,1834
582,1835
580,1835
450,1835
934,1836
372,1836
636,1836
481,1836
107,1836
681,1836
865,1836
771,1836
662,1837
373,1837
371,1837
201,1838
161,1838
787,1838
898,1838
501,1838
479,1839
8,1839
316,1840
695,1840
634,1840
99,1840
854,1840
989,1840
478,1841
693,1841
512,1841
211,1841
641,1841
828,1841
424,1842
5,1842
837,1842
990,1842
601,1842
435,1843
521,1843
349,1843
417,1843
566,1843
705,1843
549,1843
431,1844
773,1844
65,1844
36,1844
951,1844
775,1844
537,1845
206,1846
965,1846
356,1847
513,1847
388,1847
992,1847
491,1847
883,1847
606,1848
301,1848
850,1848
218,1848
972,1848
714,1848
421,1850
281,1850
279,1850
905,1850
509,1850
53,1850
173,1850
392,1850
206,1850
505,1852
674,1852
435,1852
907,1852
822,1852
784,1853
896,1853
360,1853
609,1853
404,1853
754,1854
343,1854
531,1854
456,1854
672,1854
266,1856
839,1856
598,1856
649,1857
272,1857
358,1858
363,1858
863,1858
644,1858
829,1858
756,1858
245,1858
282,1859
875,1859
454,1859
664,1860
37,1860
735,1860
654,1860
133,1860
260,1860
25,1860
794,1861
174,1862
615,1862
663,1863
6,1863
573,1863
743,1863
280,1863
626,1864
408,1864
323,1865
265,1866
341,1866
899,1866
28,1866
243,1866
452,1866
825,1867
835,1867
965,1868
34,1868
792,1869
992,1869
494,1869
538,1869
8,1869
384,1869
747,1870
547,1870
381,1870
948,1870
413,1871
595,1871
194,1871
192,1871
739,1871
616,1872
389,1872
311,1873
1000,1873
759,1873
284,1875
831,1875
800,1875
215,1876
57,1876
991,1876
823,1876
897,1876
282,1877
90,1877
361,1877
2,1877
181,1878
831,1878
724,1878
264,1879
859,1879
822,1880
756,1880
901,1880
145,1880
418,1881
370,1881
529,1881
236,1881
596,1882
443,1882
211,1882
207,1882
913,1882
299,1883
947,1883
438,1884
273,1884
709,1885
808,1885
977,1885
923,1885
39,1886
254,1886
224,1887
872,1887
878,1887
975,1887
140,1887
803,1888
585,1888
635,1888
486,1888
271,1888
115,1889
344,1889
609,1889
978,1890
777,1890
590,1890
291,1890
838,1891
836,1891
72,1891
55,1891
644,1892
501,1892
447,1892
46,1892
495,1893
824,1893
547,1893
336,1894
118,1894
402,1894
307,1894
531,1894
269,1894
607,1894
903,1895
473,1895
488,1895
580,1895
650,1895
481,1895
242,1896
884,1896
855,1896
23,1896
438,1897
90,1897
270,1897
258,1897
221,1897
672,1898
381,1898
277,1898
723,1898
970,1898
485,1899
541,1899
24,1901
685,1902
776,1902
787,1902
657,1902
703,1902
188,1902
420,1902
33,1902
191,1903
779,1903
882,1905
541,1905
482,1905
343,1905
493,1906
88,1907
652,1907
867,1907
937,1907
123,1908
965,1908
164,1908
615,1909
409,1910
945,1910
98,1910
884,1910
224,1910
584,1911
113,1911
131,1911
193,1911
504,1911
473,1911
260,1911
534,1912
989,1912
305,1913
983,1913
689,1913
105,1913
717,1913
755,1913
255,1914
511,1914
422,1914
958,1914
513,1914
457,1914
10,1914
343,1914
939,1915
711,1915
518,1915
593,1916
68,1916
777,1916
46,1916
644,1917
822,1917
772,1917
122,1918
908,1919
31,1919
839,1919
438,1919
274,1919
466,1920
541,1920
210,1920
780,1920
551,1921
698,1921
661,1921
309,1921
525,1923
993,1923
201,1923
825,1923
11,1923
788,1924
360,1924
474,1924
219,1924
444,1925
953,1925
887,1925
337,1925
676,1925
292,1925
299,1926
899,1926
269,1926
636,1927
133,1927
491,1927
11,1928
194,1928
121,1928
888,1928
463,1929
568,1929
890,1929
839,1929
805,1931
400,1931
823,1931
971,1932
85,1932
439,1932
505,1932
763,1932
532,1933
334,1933
765,1933
971,1934
268,1935
565,1936
576,1936
675,1936
587,1936
923,1936
324,1936
761,1936
602,1936
221,1937
25,1937
205,1937
35,1938
473,1938
642,1938
909,1938
381,1938
447,1938
6,1938
866,1938
731,1938
845,1939
351,1939
159,1939
56,1940
128,1941
762,1941
371,1941
163,1941
212,1941
921,1942
134,1942
622,1942
971,1942
613,1942
675,1943
225,1944
22,1944
983,1945
615,1945
252,1946
367,1946
871,1946
988,1946
410,1947
362,1947
251,1948
31,1948
451,1948
612,1949
659,1949
608,1949
121,1949
814,1950
862,1950
62,1950
824,1950
185,1951
700,1951
27,1953
121,1953
150,1953
888,1953
999,1953
96,1954
572,1954
1000,1955
944,1955
132,1956
206,1956
81,1956
681,1957
971,1957
545,1957
144,1957
710,1958
875,1958
828,1960
931,1960
57,1961
309,1961
542,1961
896,1961
128,1961
244,1962
932,1962
991,1962
58,1962
932,1963
984,1963
355,1963
460,1964
223,1964
938,1964
529,1965
368,1965
455,1965
775,1965
845,1965
210,1966
601,1967
831,1967
539,1967
964,1967
734,1968
338,1968
654,1968
697,1969
336,1969
384,1970
879,1970
87,1970
549,1970
161,1971
498,1971
149,1971
881,1971
695,1971
193,1971
784,1971
955,1972
282,1972
873,1973
135,1973
601,1973
517,1975
352,1975
190,1975
892,1975
372,1975
374,1975
663,1975
541,1976
803,1977
539,1977
678,1977
742,1977
606,1978
43,1978
250,1978
55,1978
960,1978
526,1978
127,1978
589,1979
434,1979
746,1979
745,1979
873,1979
851,1979
269,1980
760,1981
692,1982
819,1982
347,1983
16,1983
845,1983
568,1984
289,1984
600,1984
758,1985
118,1985
755,1986
32,1986
523,1986
586,1986
140,1986
671,1986
262,1987
43,1988
244,1988
940,1988
341,1989
28,1989
455,1989
956,1989
872,1989
423,1989
610,1989
361,1990
616,1990
715,1990
820,1990
793,1990
957,1991
216,1991
378,1991
80,1992
880,1992
64,1992
520,1992
775,1992
729,1993
138,1993
795,1994
338,1994
308,1995
458,1995
509,1996
957,1996
505,1996
279,1996
382,1997
291,1998
901,1998
726,1999
121,1999
130,1999
872,2000
296,2000
755,2000
601,2000
832,2001
831,2001
255,2001
495,2001
611,2001
482,2001
64,2002
728,2002
292,2002
896,2003
339,2003
915,2003
561,2005
853,2005
318,2005
583,2005
705,2005
755,2005
427,2005
473,2005
866,2006
915,2006
109,2006
447,2006
437,2006
136,2006
203,2006
695,2007
675,2009
866,2009
373,2010
601,2010
227,2011
352,2011
924,2011
31,2011
442,2012
458,2012
270,2012
640,2012
752,2012
811,2012
22,2012
385,2013
309,2013
795,2014
157,2014
503,2014
152,2014
696,2015
495,2015
407,2015
370,2015
290,2016
837,2016
377,2016
972,2016
116,2017
711,2017
643,2017
207,2017
952,2018
653,2018
839,2018
51,2019
58,2019
348,2019
290,2019
984,2019
374,2019
297,2020
362,2020
365,2020
638,2021
987,2021
345,2021
910,2021
851,2021
192,2022
982,2022
126,2023
435,2023
572,2023
980,2023
994,2023
814,2024
994,2024
951,2024
674,2025
496,2025
425,2026
522,2026
628,2028
365,2028
777,2028
8,2028
309,2028
823,2028
762,2028
595,2029
94,2029
31,2029
515,2029
428,2029
206,2030
82,2030
486,2030
91,2030
380,2031
933,2031
338,2031
785,2032
163,2032
96,2033
598,2034
238,2034
229,2035
401,2035
798,2037
961,2037
431,2040
37,2040
537,2040
590,2040
979,2040
987,2040
905,2041
359,2042
662,2043
696,2043
26,2043
381,2044
810,2044
781,2044
566,2044
202,2045
612,2045
81,2045
210,2046
178,2046
45,2046
166,2046
416,2046
292,2047
50,2047
34,2047
626,2047
726,2047
244,2048
725,2048
223,2048
964,2048
585,2048
444,2049
249,2049
512,2049
602,2049
44,2049
190,2049
911,2050
242,2050
557,2050
574,2050
652,2050
459,2050
532,2051
174,2051
65,2052
574,2052
546,2052
630,2052
217,2052
541,2052
305,2052
291,2052
976,2052
962,2052
461,2053
423,2055
792,2055
464,2055
904,2056
280,2056
902,2057
864,2057
824,2057
139,2057
307,2058
525,2058
717,2058
95,2059
785,2060
415,2060
446,2060
300,2060
493,2061
285,2061
153,2061
746,2061
836,2061
31,2062
264,2062
475,2063
664,2063
573,2063
199,2063
780,2064
507,2064
614,2064
841,2064
609,2066
804,2066
667,2067
336,2067
531,2067
96,2067
455,2068
845,2068
876,2069
173,2070
319,2070
398,2070
540,2071
457,2071
680,2071
91,2071
314,2071
955,2071
625,2072
223,2072
813,2072
583,2072
632,2072
721,2073
343,2073
256,2073
828,2074
448,2074
414,2074
319,2074
670,2074
148,2075
201,2075
630,2075
286,2075
388,2076
812,2076
813,2076
598,2076
778,2076
12,2077
868,2077
569,2077
962,2077
785,2078
979,2078
604,2079
398,2079
400,2079
532,2081
66,2081
982,2081
919,2081
125,2081
678,2081
551,2081
801,2082
810,2082
150,2082
249,2082
681,2083
791,2083
666,2083
646,2083
273,2084
393,2084
574,2084
503,2084
141,2084
191,2084
925,2085
54,2085
232,2085
724,2086
572,2086
793,2087
277,2087
55,2087
397,2087
528,2088
424,2088
504,2088
942,2089
309,2089
724,2089
335,2090
508,2090
514,2090
251,2090
53,2090
951,2091
272,2091
395,2092
703,2092
820,2092
936,2092
911,2093
334,2093
409,2094
668,2094
840,2094
683,2095
939,2095
821,2096
472,2096
515,2096
395,2096
576,2097
694,2097
346,2098
69,2098
871,2098
753,2098
135,2098
939,2098
406,2098
653,2098
767,2099
491,2099
668,2099
435,2099
617,2100
271,2100
220,2100
992,2101
425,2101
938,2101
230,2101
170,2101
110,2102
262,2102
986,2103
445,2103
364,2103
198,2103
182,2104
44,2104
63,2104
299,2104
155,2104
90,2104
702,2105
467,2106
733,2107
103,2107
887,2107
334,2108
85,2108
647,2108
589,2109
95,2109
586,2109
995,2109
674,2110
23,2111
824,2111
349,2111
242,2112
230,2113
325,2113
901,2113
873,2113
561,2113
641,2114
270,2114
193,2115
935,2115
191,2115
853,2115
727,2115
577,2115
921,2117
434,2117
421,2117
875,2118
502,2118
688,2118
606,2119
709,2119
132,2120
213,2120
210,2120
42,2122
943,2122
762,2122
820,2123
518,2123
631,2123
503,2124
45,2124
40,2124
373,2124
155,2124
130,2124
618,2124
84,2125
542,2125
274,2125
671,2126
798,2127
854,2127
941,2127
303,2127
595,2127
852,2127
786,2127
22,2128
342,2129
868,2129
136,2129
485,2129
20,2129
636,2130
440,2130
98,2130
981,2131
116,2131
926,2132
516,2132
842,2132
199,2132
46,2133
320,2133
496,2134
491,2134
750,2134
919,2134
760,2135
737,2135
376,2135
79,2136
12,2136
610,2136
770,2136
157,2137
919,2137
911,2137
144,2137
467,2138
295,2138
348,2138
823,2138
959,2138
206,2139
843,2139
471,2139
113,2139
290,2139
855,2140
159,2140
45,2140
291,2140
252,2140
85,2141
625,2141
130,2141
90,2142
184,2142
424,2143
436,2143
422,2143
360,2143
227,2144
207,2144
412,2144
89,2145
927,2145
424,2145
992,2145
429,2146
782,2146
150,2147
257,2147
465,2147
334,2147
340,2147
963,2148
143,2148
916,2149
56,2149
691,2149
248,2149
415,2149
59,2150
148,2150
466,2151
742,2151
911,2152
984,2152
365,2152
926,2153
767,2153
866,2153
863,2153
564,2154
500,2154
43,2154
437,2154
593,2154
3,2154
327,2154
474,2155
995,2156
183,2156
86,2156
715,2156
536,2156
94,2156
870,2156
393,2157
465,2157
891,2157
185,2158
996,2158
247,2158
374,2159
819,2159
236,2160
779,2160
713,2160
942,2160
237,2161
280,2162
543,2162
289,2162
752,2162
597,2162
718,2162
328,2162
992,2163
84,2163
429,2163
339,2163
453,2164
596,2164
304,2164
193,2165
149,2165
882,2165
111,2165
152,2166
278,2166
181,2166
406,2167
700,2167
803,2168
343,2168
644,2168
952,2169
701,2169
339,2169
757,2169
114,2169
588,2169
26,2169
71,2170
877,2170
794,2170
669,2170
928,2171
67,2171
331,2171
728,2171
798,2172
324,2172
101,2172
52,2173
622,2173
227,2173
195,2173
292,2173
401,2173
230,2174
427,2174
208,2174
783,2174
726,2176
791,2176
378,2176
717,2176
310,2177
199,2177
477,2177
718,2177
892,2177
554,2178
922,2178
289,2178
123,2178
416,2178
790,2178
270,2179
239,2179
462,2179
952,2179
151,2180
99,2181
806,2181
474,2181
11,2181
452,2182
63,2182
114,2182
839,2182
189,2182
350,2183
174,2184
566,2184
230,2186
884,2186
218,2186
943,2186
934,2186
643,2186
840,2186
579,2187
658,2188
861,2188
868,2188
553,2189
384,2189
390,2189
620,2190
456,2191
384,2191
38,2191
975,2192
758,2192
243,2192
992,2193
706,2193
793,2193
577,2193
71,2194
59,2194
703,2194
356,2194
739,2195
372,2195
914,2195
846,2195
604,2195
86,2195
794,2195
194,2196
254,2197
735,2197
667,2197
76,2197
500,2197
603,2197
295,2198
660,2198
512,2198
29,2198
532,2199
617,2199
731,2199
837,2199
264,2199
741,2199
308,2199
45,2199
821,2200
645,2201
304,2201
951,2201
891,2201
364,2201
848,2201
585,2202
208,2202
954,2202
862,2202
378,2202
479,2203
22,2203
680,2203
510,2203
873,2203
964,2203
7,2204
591,2204
268,2204
402,2204
185,2204
891,2204
13,2204
481,2205
551,2205
902,2205
669,2206
965,2206
739,2207
187,2207
839,2208
164,2209
421,2209
27,2209
779,2209
647,2210
674,2210
393,2210
807,2210
758,2210
839,2210
983,2210
67,2211
125,2211
575,2211
447,2211
525,2211
882,2211
886,2211
621,2212
908,2212
962,2212
807,2212
226,2213
447,2213
859,2213
4,2213
286,2214
865,2214
586,2214
4,2215
835,2215
570,2215
51,2216
894,2216
202,2216
140,2216
512,2216
707,2216
416,2217
683,2217
173,2217
541,2217
822,2218
685,2218
683,2218
707,2218
537,2218
473,2218
477,2218
844,2218
503,2219
872,2219
508,2219
804,2219
603,2220
476,2220
138,2220
715,2220
395,2220
519,2221
133,2221
903,2221
982,2221
438,2222
664,2222
672,2222
792,2222
753,2222
615,2222
931,2223
411,2223
314,2223
445,2223
29,2223
651,2224
326,2224
985,2224
609,2224
371,2224
400,2224
713,2225
818,2225
577,2225
838,2226
887,2228
836,2228
924,2228
865,2228
124,2229
995,2229
210,2229
378,2229
747,2231
854,2231
583,2231
957,2231
757,2231
679,2231
544,2232
802,2232
687,2233
625,2233
179,2233
361,2233
109,2234
435,2234
479,2234
765,2234
273,2234
901,2234
830,2235
740,2235
538,2235
427,2235
555,2236
124,2236
565,2236
134,2237
749,2237
116,2237
522,2238
461,2239
967,2239
289,2239
512,2239
885,2240
629,2240
951,2241
638,2241
683,2241
695,2241
315,2242
222,2242
550,2242
241,2242
382,2242
396,2242
619,2243
593,2243
605,2243
360,2244
149,2244
792,2245
37,2245
863,2245
83,2245
390,2246
914,2246
261,2246
437,2247
656,2247
592,2247
503,2248
115,2248
592,2248
92,2248
583,2248
431,2249
986,2249
600,2249
590,2249
194,2249
39,2250
218,2250
643,2250
79,2250
252,2251
784,2251
569,2251
490,2251
571,2251
403,2252
544,2252
136,2252
528,2252
817,2253
756,2253
742,2253
802,2253
489,2253
864,2254
340,2254
183,2255
434,2255
707,2255
176,2255
55,2255
795,2256
563,2256
980,2256
503,2256
260,2256
492,2257
517,2257
127,2257
117,2257
191,2257
572,2257
681,2258
604,2258
202,2258
298,2258
764,2258
378,2259
126,2259
463,2259
237,2259
585,2259
997,2259
593,2260
227,2260
85,2260
452,2260
661,2261
472,2261
523,2261
442,2261
813,2262
251,2263
582,2263
667,2263
284,2263
703,2263
739,2263
831,2263
777,2264
660,2264
664,2264
57,2264
324,2264
334,2265
989,2265
743,2266
495,2267
800,2267
866,2267
577,2267
76,2268
937,2268
129,2268
686,2268
309,2268
217,2269
310,2269
657,2269
327,2269
948,2270
713,2270
79,2270
71,2270
707,2271
339,2271
507,2271
361,2271
33,2271
992,2272
471,2272
162,2272
52,2272
634,2273
279,2273
528,2273
390,2274
606,2274
719,2274
876,2274
383,2274
462,2274
660,2274
361,2275
428,2275
191,2275
904,2275
591,2276
103,2276
417,2277
549,2277
387,2277
1000,2278
5,2278
826,2278
534,2278
550,2278
323,2278
333,2279
279,2280
234,2280
793,2280
945,2280
594,2280
659,2280
280,2281
273,2281
822,2281
109,2281
17,2282
308,2282
150,2282
879,2282
499,2282
799,2282
767,2283
608,2283
486,2283
267,2283
638,2283
599,2284
154,2284
118,2284
943,2284
981,2285
2,2285
110,2285
872,2285
538,2285
899,2286
656,2286
630,2286
426,2286
626,2287
117,2288
220,2288
983,2288
160,2288
781,2288
868,2288
884,2289
643,2289
995,2290
977,2290
329,2291
216,2291
542,2291
650,2292
80,2292
104,2292
92,2293
333,2293
734,2293
512,2293
39,2293
876,2293
406,2294
55,2294
659,2294
95,2294
892,2295
858,2295
422,2295
294,2295
862,2295
956,2295
192,2296
310,2296
853,2296
964,2296
343,2297
931,2297
332,2297
4,2298
934,2298
183,2299
985,2299
127,2299
851,2299
237,2299
350,2299
727,2299
257,2299
813,2299
174,2300
148,2301
680,2301
256,2301
584,2301
292,2301
5,2301
769,2303
456,2303
253,2303
683,2303
393,2304
935,2304
64,2304
941,2305
975,2305
821,2305
640,2305
349,2305
702,2306
51,2306
739,2306
678,2306
52,2307
428,2307
949,2308
585,2308
539,2308
874,2308
79,2308
53,2308
453,2308
592,2309
793,2309
367,2309
111,2309
401,2309
266,2310
648,2310
781,2310
756,2310
88,2311
758,2311
182,2311
1,2311
649,2312
110,2312
500,2312
347,2312
409,2312
69,2313
393,2313
527,2313
447,2314
260,2314
681,2314
850,2314
88,2314
542,2314
750,2315
978,2315
930,2315
344,2315
691,2316
202,2316
446,2316
402,2317
369,2317
749,2317
823,2317
13,2317
963,2318
612,2318
820,2318
944,2318
69,2318
337,2319
927,2319
442,2319
714,2319
778,2319
450,2320
663,2320
628,2320
102,2320
683,2320
383,2321
745,2321
61,2322
721,2322
338,2323
182,2323
756,2323
823,2323
88,2324
834,2324
599,2324
884,2325
119,2325
659,2325
703,2325
106,2325
597,2326
933,2326
623,2326
277,2327
516,2327
116,2327
770,2328
87,2328
222,2328
836,2329
526,2329
985,2329
371,2329
711,2329
596,2330
195,2330
173,2332
423,2332
330,2333
158,2333
6,2333
841,2334
728,2334
32,2334
111,2334
462,2334
310,2334
912,2334
44,2335
519,2336
663,2336
310,2336
719,2336
315,2336
447,2337
634,2337
516,2337
526,2337
984,2337
534,2337
305,2338
557,2338
76,2339
708,2339
556,2339
151,2339
475,2339
128,2340
254,2340
678,2340
395,2340
469,2340
909,2341
685,2341
335,2341
973,2341
622,2341
975,2341
105,2341
280,2342
711,2342
655,2342
591,2342
127,2342
931,2343
990,2343
321,2343
117,2344
574,2344
671,2344
27,2344
914,2345
98,2345
101,2345
196,2345
64,2345
223,2347
105,2347
368,2347
786,2349
175,2349
909,2349
988,2349
242,2349
297,2349
733,2350
997,2350
13,2350
745,2350
129,2351
152,2351
903,2351
744,2351
898,2351
179,2352
403,2352
489,2352
854,2353
84,2353
321,2356
253,2356
960,2356
856,2356
991,2356
776,2356
903,2356
260,2357
163,2357
248,2357
550,2357
435,2357
452,2357
820,2357
41,2357
834,2357
319,2358
792,2358
138,2359
634,2359
941,2359
750,2359
957,2360
677,2360
605,2360
770,2360
549,2360
506,2360
656,2361
724,2361
932,2361
922,2361
437,2361
726,2361
405,2361
482,2361
310,2361
898,2362
918,2362
886,2362
512,2362
499,2362
884,2362
138,2363
77,2363
41,2363
460,2363
300,2364
864,2364
705,2364
54,2365
21,2365
37,2366
904,2366
811,2366
380,2366
875,2367
75,2367
20,2367
705,2367
690,2367
732,2368
884,2368
505,2368
990,2368
940,2368
824,2370
999,2370
141,2370
353,2370
284,2370
188,2370
443,2371
355,2371
297,2371
907,2371
67,2371
448,2371
545,2372
607,2372
688,2372
213,2373
865,2374
445,2374
771,2375
742,2375
240,2376
595,2376
565,2376
327,2376
717,2376
190,2376
225,2376
569,2377
674,2377
106,2377
951,2378
524,2378
591,2378
196,2378
930,2379
391,2379
471,2382
563,2383
490,2384
906,2384
756,2385
941,2385
898,2386
238,2386
361,2386
926,2386
937,2386
468,2387
792,2387
667,2387
237,2387
377,2388
593,2388
241,2388
73,2388
841,2388
83,2388
743,2389
437,2389
699,2389
593,2389
608,2389
196,2390
327,2390
256,2390
320,2390
725,2391
479,2391
738,2391
59,2391
876,2392
672,2393
4,2393
508,2393
491,2393
384,2393
7,2393
741,2393
925,2395
305,2395
625,2396
627,2397
812,2397
355,2398
468,2398
387,2398
517,2398
427,2398
722,2399
982,2399
425,2399
560,2400
957,2400
12,2400
832,2400
334,2401
934,2401
593,2401
368,2401
264,2402
566,2402
287,2402
758,2402
368,2402
285,2402
767,2402
176,2403
167,2403
922,2403
380,2403
597,2403
837,2404
867,2404
845,2404
194,2405
725,2405
36,2405
761,2405
302,2406
99,2406
596,2406
424,2407
214,2407
676,2407
706,2407
721,2408
947,2409
939,2409
102,2409
27,2409
611,2409
421,2409
510,2409
236,2410
882,2410
827,2410
955,2411
440,2411
235,2411
412,2411
11,2412
966,2412
874,2412
344,2412
504,2414
244,2414
509,2414
905,2415
944,2415
268,2416
138,2416
430,2416
887,2416
719,2417
499,2417
864,2417
890,2419
984,2419
981,2419
905,2420
979,2420
846,2420
695,2420
177,2420
222,2420
649,2420
846,2421
559,2421
115,2421
144,2421
909,2422
812,2423
895,2423
539,2423
584,2424
769,2424
236,2424
362,2424
968,2424
882,2425
